query,title,description,content,vaderScore,finbertResult
GOOGL,JPMorgan Just Beat Big Tech to a Quantum Breakthrough,"Lava lamps, lottery balls and mouse cursors have long stood in for real-world randomness. Now JPMorgan Chase, with a 56-qubit machine and a theoretical physicist, has demonstrated a quantum leap: randomness, certified. It’s a milestone for quantum computing—a…","At JPMorgan Chase headquarters, a quiet quantum coup: the bank just beat Big Tech to a breakthrough in certified randomnessmarking a rare win for Wall Street in the race to make quantum computing use… [+2719 chars]",0.5859,neutral
GOOGL,$1000 Invested In This Stock 15 Years Ago Would Be Worth This Much Today,"Alphabet (NASDAQ:GOOGL) has outperformed the market over the past 15 years by 6.61% on an annualized basis producing an average annual return of 17.6%. Currently, Alphabet has a market capitalization of $1.98 trillion. 
Buying $1000 In GOOGL: If an ...
Full s…","Alphabet (NASDAQ:GOOGL) has outperformed the market over the past 15 years by 6.61% on an annualized basis producing an average annual return of 17.6%. Currently, Alphabet has a market capitalization… [+146 chars]",0.2263,positive
GOOGL,Google's new AI updates will scan your screenshots and give you itineraries,"Google (GOOGL) is making travel planning a whole lot easier for users, with artificial intelligence makeovers to its Search and Maps functions released ThursdayRead more...","In This Story
Google (GOOGL-1.38%
) is making travel planning a whole lot easier for users, with artificial intelligence makeovers to its Search and Maps functions released Thursday
Chances are, y… [+1670 chars]",0.9118,neutral
GOOGL,Google Spinoff Targets Musk Starlink Service But Is Amazon's Kuiper Only Real Threat?,The Elon Musk Starlink broadband satellite service holds a big lead as Google's Taara seeks new funding and Amazon ramps up Kuiper competition.,"The global broadband internet landscape may well have a new entrant market some day in Taara, spun off this month by Google-parent Alphabet (GOOGL). But Elon Musk's satellite service Starlink, part o… [+4139 chars]",-0.2263,neutral
GOOGL,What Happened Before 23andMe Lost 99.8% of Its Value?,"23andMe promised to tell you where you came from. Now, it's not clear where your genetic data is going. With a Chapter 11 filing, a 99.8 percent drop in market value and its founder stepping down to bid on what’s left, the fall of this one-time biotech unicor…","Anne Wojcicki, once the face of biotechs consumer revolution, holding a Breakthrough Prize. Years later, 23andMe has filed for bankruptcytaking 99.8 percent of its value and the genetic data of 15 mi… [+3793 chars]",0.7518,negative
GOOGL,"Italy Demands $1.1 Billion in Back Taxes From Meta, LinkedIn and X Over VAT Dispute","Italy is demanding nearly $1.1 billion in VAT from Meta, LinkedIn and X.","Italy's tax authorities have issued formal demands totaling nearly $1.1 billion to U.S. technology firms Meta (META, Financials), LinkedIn and X over unpaid value-added tax from previous years, accor… [+1593 chars]",-0.5574,negative
GOOGL,"Alphabet Inc. (GOOGL) Boosts Gmail With AI-Driven Search—Faster, Smarter Results Coming to All Users","We recently published a list of the 10 AI Stocks Catching Wall Street’s Attention. In this article, we are going to take a look at where Alphabet Inc...","We recently published a list of the 10 AI Stocks Catching Wall Streets Attention. In this article, we are going to take a look at where Alphabet Inc. (NASDAQ:GOOG) stands against other AI stocks that… [+4240 chars]",0.6486,neutral
GOOGL,"BigID Next is changing AI model training for the better, CEO says","Dmitri Sirota, Chief Executive Officer of BigID, spoke with NYSE TV’s “Taking Stock with Kristen Scholer” for a special video interview.Read more...","Dmitri Sirota, Chief Executive Officer of BigID, spoke with NYSE TVs Taking Stock with Kristen Scholer for a special video interview.
Watch the interview above and check out the transcript below. Th… [+5810 chars]",0.8074,neutral
GOOGL,Microsoft Scales Back Data Center Leases Amid Oversupply and Shifting AI Demands,The company attributed the move to oversupply and lack of OpenAI training workload requirements.,"Microsoft (MSFT, Financials) backed away from U.S. and European data center projects totaling 2 gigawatts over the past six months, TD Cowen analysts said, attributing the move to excess infrastructu… [+1600 chars]",-0.296,negative
GOOGL,OpenAI is close to breaking records by raising a whopping $40 billion at a $300 billion valuation,OpenAi's valuation is larger than the GDP of some countries,"In This Story
Bloomberg reports that OpenAI is on the verge of completing a $40 billion funding injection. To put the funding in perspective, Nicaraguas annual GPD is approximately $17 billion, whil… [+1480 chars]",0.0,positive
GOOGL,Harrington Investments INC Sells 320 Shares of Alphabet Inc. (NASDAQ:GOOGL),"Harrington Investments INC lowered its position in Alphabet Inc. (NASDAQ:GOOGL – Free Report) by 0.9% in the fourth quarter, according to the company in its most recent Form 13F filing with the Securities & Exchange Commission. The firm owned 34,991 shares of…","Harrington Investments INC lowered its position in Alphabet Inc. (NASDAQ:GOOGL – Free Report) by 0.9% in the fourth quarter, according to the company in its most recent Form 13F filing with the Secur… [+6121 chars]",0.8807,negative
GOOGL,Alphabet Inc. (NASDAQ:GOOGL) Shares Acquired by Natixis Advisors LLC,"Natixis Advisors LLC boosted its holdings in shares of Alphabet Inc. (NASDAQ:GOOGL – Free Report) by 2.2% during the 4th quarter, according to its most recent disclosure with the Securities and Exchange Commission. The firm owned 5,013,961 shares of the infor…","Natixis Advisors LLC boosted its holdings in shares of Alphabet Inc. (NASDAQ:GOOGL – Free Report) by 2.2% during the 4th quarter, according to its most recent disclosure with the Securities and Excha… [+6390 chars]",0.9674,positive
GOOGL,Zevin Asset Management LLC Boosts Stake in Alphabet Inc. (NASDAQ:GOOGL),"Zevin Asset Management LLC lifted its holdings in Alphabet Inc. (NASDAQ:GOOGL – Free Report) by 14.0% during the fourth quarter, according to its most recent 13F filing with the Securities & Exchange Commission. The fund owned 109,074 shares of the informatio…","Zevin Asset Management LLC lifted its holdings in Alphabet Inc. (NASDAQ:GOOGL – Free Report) by 14.0% during the fourth quarter, according to its most recent 13F filing with the Securities &amp; Exch… [+6290 chars]",0.9638,positive
GOOGL,"First Financial Group Corp Acquires Shares of 2,585 Alphabet Inc. (NASDAQ:GOOGL)","First Financial Group Corp bought a new position in shares of Alphabet Inc. (NASDAQ:GOOGL – Free Report) in the 4th quarter, Holdings Channel reports. The fund bought 2,585 shares of the information services provider’s stock, valued at approximately $489,000.…","First Financial Group Corp bought a new position in shares of Alphabet Inc. (NASDAQ:GOOGL – Free Report) in the 4th quarter, Holdings Channel reports. The fund bought 2,585 shares of the information … [+6285 chars]",0.9552,neutral
GOOGL,"Campbell Capital Management Inc. Invests $57,000 in Alphabet Inc. (NASDAQ:GOOGL)","Campbell Capital Management Inc. acquired a new stake in shares of Alphabet Inc. (NASDAQ:GOOGL – Free Report) in the fourth quarter, according to the company in its most recent disclosure with the SEC. The firm acquired 300 shares of the information services …","Campbell Capital Management Inc. acquired a new stake in shares of Alphabet Inc. (NASDAQ:GOOGL – Free Report) in the fourth quarter, according to the company in its most recent disclosure with the SE… [+5715 chars]",0.9042,neutral
GOOGL,Associated Banc Corp Reduces Holdings in Alphabet Inc. (NASDAQ:GOOGL),"Associated Banc Corp lessened its stake in shares of Alphabet Inc. (NASDAQ:GOOGL – Free Report) by 3.1% in the fourth quarter, according to the company in its most recent 13F filing with the Securities & Exchange Commission. The institutional investor owned 7…","Associated Banc Corp lessened its stake in shares of Alphabet Inc. (NASDAQ:GOOGL – Free Report) by 3.1% in the fourth quarter, according to the company in its most recent 13F filing with the Securiti… [+6260 chars]",0.9042,positive
GOOGL,"Doheny Asset Management CA Sells 3,209 Shares of Alphabet Inc. (NASDAQ:GOOGL)","Doheny Asset Management CA reduced its position in Alphabet Inc. (NASDAQ:GOOGL – Free Report) by 13.9% in the 4th quarter, Holdings Channel.com reports. The fund owned 19,927 shares of the information services provider’s stock after selling 3,209 shares durin…","Doheny Asset Management CA reduced its position in Alphabet Inc. (NASDAQ:GOOGL – Free Report) by 13.9% in the 4th quarter, Holdings Channel.com reports. The fund owned 19,927 shares of the informatio… [+5910 chars]",0.9633,negative
GOOGL,Alphabet Inc. (NASDAQ:GOOGL) Shares Sold by Copperwynd Financial LLC,"Copperwynd Financial LLC cut its holdings in Alphabet Inc. (NASDAQ:GOOGL – Free Report) by 2.8% during the fourth quarter, HoldingsChannel reports. The fund owned 8,389 shares of the information services provider’s stock after selling 238 shares during the pe…","Copperwynd Financial LLC cut its holdings in Alphabet Inc. (NASDAQ:GOOGL – Free Report) by 2.8% during the fourth quarter, HoldingsChannel reports. The fund owned 8,389 shares of the information serv… [+6110 chars]",0.8807,negative
GOOGL,Alphabet Inc. (NASDAQ:GOOGL) is Ironwood Investment Counsel LLC’s 4th Largest Position,"Ironwood Investment Counsel LLC reduced its stake in Alphabet Inc. (NASDAQ:GOOGL – Free Report) by 2.0% during the fourth quarter, according to its most recent filing with the SEC. The fund owned 73,837 shares of the information services provider’s stock afte…","Ironwood Investment Counsel LLC reduced its stake in Alphabet Inc. (NASDAQ:GOOGL – Free Report) by 2.0% during the fourth quarter, according to its most recent filing with the SEC. The fund owned 73,… [+6456 chars]",0.8316,negative
GOOGL,Buckley Wealth Management LLC Has $16.10 Million Stock Holdings in Alphabet Inc. (NASDAQ:GOOGL),"Buckley Wealth Management LLC decreased its holdings in shares of Alphabet Inc. (NASDAQ:GOOGL – Free Report) by 1.8% in the 4th quarter, according to the company in its most recent 13F filing with the Securities and Exchange Commission (SEC). The firm owned 8…","Buckley Wealth Management LLC decreased its holdings in shares of Alphabet Inc. (NASDAQ:GOOGL – Free Report) by 1.8% in the 4th quarter, according to the company in its most recent 13F filing with th… [+6558 chars]",0.9674,negative
GOOGL,Brown Miller Wealth Management LLC Acquires 477 Shares of Alphabet Inc. (NASDAQ:GOOGL),"Brown Miller Wealth Management LLC raised its holdings in shares of Alphabet Inc. (NASDAQ:GOOGL – Free Report) by 1.6% in the 4th quarter, HoldingsChannel reports. The firm owned 31,090 shares of the information services provider’s stock after buying an addit…","Brown Miller Wealth Management LLC raised its holdings in shares of Alphabet Inc. (NASDAQ:GOOGL – Free Report) by 1.6% in the 4th quarter, HoldingsChannel reports. The firm owned 31,090 shares of the… [+6521 chars]",0.9756,positive
GOOGL,Promising Space Stocks To Follow Now – March 25th,"Alphabet, Berkshire Hathaway, Boeing, Eaton, General Electric, Lockheed Martin, and Honeywell International are the seven Space stocks to watch today, according to MarketBeat’s stock screener tool. Space stocks are publicly traded shares of companies involved…","Alphabet, Berkshire Hathaway, Boeing, Eaton, General Electric, Lockheed Martin, and Honeywell International are the seven Space stocks to watch today, according to MarketBeat’s stock screener tool. S… [+8292 chars]",0.5994,neutral
GOOGL,"Rivian ventures away from cars, heads down an unexpected avenue",The EV startup is focusing on expanding into an unexpected market.,"After a highly volatile 2024, the electric vehicle (EV) market has not stabilized so far in 2025. The current U.S. presidential administrations lack of focus on clean energy has led to a questionable… [+4330 chars]",0.3612,negative
GOOGL,"Closing Bell Movers: GameStop gains 7% on earnings, bitcoin announcement","In the opening 90 minutes of the evening session, U.S. stock futures are up marginally – S&P500 is up 0.1% while Nasdaq 100 is up 0.2%. Earlier on Tuesday...","In the opening 90 minutes of the evening session, U.S. stock futures are up marginally S&amp;P500 is up 0.1% while Nasdaq 100 is up 0.2%.  Earlier on Tuesday, Consumer Discretionary and Communication… [+1255 chars]",0.34,positive
GOOGL,"Despite DeepSeek Buzz, Amazon, U.S. Tech Giants Have These AI Advantages Over China, Says Analyst",U.S. tech companies are way outspending China peers on AI. That could prove a long-term advantage for Amazon stock and other U.S. giants.,DeepSeek's reportedly lower-cost AI models have made investors uneasy about big spending from U.S. tech giants such as Amazon (AMZN). But the hundreds of billions of dollars that American tech giants… [+4342 chars],0.2242,positive
GOOGL,CoreWeave’s IPO Valuation Is Rotten To The Core,"CoreWeave’s IPO looks more like a plan to boost Wall Street insider bonuses and throw a lifeline to a cash-burning business, rather than the launch of the next NVIDIA.","CANADA - 2025/03/19: In this photo illustration, the CoreWeave logo is seen displayed on a ... More smartphone screen. (Photo Illustration by Thomas Fuller/SOPA Images/LightRocket via Getty Images)
… [+19433 chars]",0.6997,neutral
GOOGL,Alphabet Inc. (NASDAQ:GOOGL) Shares Purchased by Northwest Wealth Management LLC,"Northwest Wealth Management LLC raised its stake in Alphabet Inc. (NASDAQ:GOOGL – Free Report) by 9.5% in the fourth quarter, HoldingsChannel.com reports. The fund owned 2,909 shares of the information services provider’s stock after buying an additional 253 …","Northwest Wealth Management LLC raised its stake in Alphabet Inc. (NASDAQ:GOOGL – Free Report) by 9.5% in the fourth quarter, HoldingsChannel.com reports. The fund owned 2,909 shares of the informati… [+6394 chars]",0.9674,positive
GOOGL,Midwest Professional Planners LTD. Has $1.43 Million Stock Holdings in Alphabet Inc. (NASDAQ:GOOGL),"Midwest Professional Planners LTD. increased its position in Alphabet Inc. (NASDAQ:GOOGL – Free Report) by 10.6% in the 4th quarter, HoldingsChannel.com reports. The institutional investor owned 7,567 shares of the information services provider’s stock after …","Midwest Professional Planners LTD. increased its position in Alphabet Inc. (NASDAQ:GOOGL – Free Report) by 10.6% in the 4th quarter, HoldingsChannel.com reports. The institutional investor owned 7,56… [+5814 chars]",0.9001,positive
GOOGL,Lbp Am Sa Increases Stake in Alphabet Inc. (NASDAQ:GOOGL),"Lbp Am Sa raised its holdings in shares of Alphabet Inc. (NASDAQ:GOOGL – Free Report) by 3.3% in the 4th quarter, according to its most recent 13F filing with the SEC. The fund owned 985,214 shares of the information services provider’s stock after acquiring …","Lbp Am Sa raised its holdings in shares of Alphabet Inc. (NASDAQ:GOOGL – Free Report) by 3.3% in the 4th quarter, according to its most recent 13F filing with the SEC. The fund owned 985,214 shares o… [+5877 chars]",0.9246,positive
GOOGL,Blume Capital Management Inc. Trims Holdings in Alphabet Inc. (NASDAQ:GOOGL),"Blume Capital Management Inc. lowered its holdings in Alphabet Inc. (NASDAQ:GOOGL – Free Report) by 4.4% in the 4th quarter, according to the company in its most recent filing with the SEC. The firm owned 8,690 shares of the information services provider’s st…","Blume Capital Management Inc. lowered its holdings in Alphabet Inc. (NASDAQ:GOOGL – Free Report) by 4.4% in the 4th quarter, according to the company in its most recent filing with the SEC. The firm … [+5832 chars]",0.7783,negative
GOOGL,Sienna Gestion Has $4.95 Million Position in Alphabet Inc. (NASDAQ:GOOGL),"Sienna Gestion cut its stake in Alphabet Inc. (NASDAQ:GOOGL – Free Report) by 91.2% in the 4th quarter, Holdings Channel.com reports. The fund owned 26,155 shares of the information services provider’s stock after selling 272,126 shares during the quarter. Si…","Sienna Gestion cut its stake in Alphabet Inc. (NASDAQ:GOOGL – Free Report) by 91.2% in the 4th quarter, Holdings Channel.com reports. The fund owned 26,155 shares of the information services provider… [+6475 chars]",0.8402,negative
GOOGL,Analyst IMS Investment Management Services Ltd. Raises Stake in Alphabet Inc. (NASDAQ:GOOGL),"Analyst IMS Investment Management Services Ltd. raised its position in Alphabet Inc. (NASDAQ:GOOGL – Free Report) by 37.9% during the fourth quarter, according to the company in its most recent 13F filing with the Securities and Exchange Commission. The fund …","Analyst IMS Investment Management Services Ltd. raised its position in Alphabet Inc. (NASDAQ:GOOGL – Free Report) by 37.9% during the fourth quarter, according to the company in its most recent 13F f… [+5993 chars]",0.8316,positive
GOOGL,RPg Family Wealth Advisory LLC Has $2 Million Position in Alphabet Inc. (NASDAQ:GOOGL),"RPg Family Wealth Advisory LLC lessened its stake in shares of Alphabet Inc. (NASDAQ:GOOGL – Free Report) by 82.5% during the 4th quarter, according to the company in its most recent Form 13F filing with the Securities & Exchange Commission. The fund owned 10…","RPg Family Wealth Advisory LLC lessened its stake in shares of Alphabet Inc. (NASDAQ:GOOGL – Free Report) by 82.5% during the 4th quarter, according to the company in its most recent Form 13F filing … [+6193 chars]",0.9674,positive
GOOGL,Madison Wealth Partners Inc Decreases Stock Position in Alphabet Inc. (NASDAQ:GOOGL),"Madison Wealth Partners Inc cut its position in Alphabet Inc. (NASDAQ:GOOGL – Free Report) by 2.4% during the 4th quarter, HoldingsChannel.com reports. The institutional investor owned 14,865 shares of the information services provider’s stock after selling 3…","Madison Wealth Partners Inc cut its position in Alphabet Inc. (NASDAQ:GOOGL – Free Report) by 2.4% during the 4th quarter, HoldingsChannel.com reports. The institutional investor owned 14,865 shares … [+6592 chars]",0.9468,negative
GOOGL,Thompson Siegel & Walmsley LLC Grows Stock Position in Alphabet Inc. (NASDAQ:GOOGL),"Thompson Siegel & Walmsley LLC boosted its holdings in Alphabet Inc. (NASDAQ:GOOGL – Free Report) by 2.0% during the fourth quarter, according to the company in its most recent filing with the Securities and Exchange Commission. The fund owned 5,291 shares of…","Thompson Siegel &amp; Walmsley LLC boosted its holdings in Alphabet Inc. (NASDAQ:GOOGL – Free Report) by 2.0% during the fourth quarter, according to the company in its most recent filing with the Se… [+6006 chars]",0.9325,positive
GOOGL,Alphabet Inc. (NASDAQ:GOOGL) Stock Holdings Lessened by MGO Private Wealth LLC,"MGO Private Wealth LLC decreased its stake in Alphabet Inc. (NASDAQ:GOOGL – Free Report) by 7.9% during the 4th quarter, HoldingsChannel reports. The firm owned 5,105 shares of the information services provider’s stock after selling 440 shares during the peri…","MGO Private Wealth LLC decreased its stake in Alphabet Inc. (NASDAQ:GOOGL – Free Report) by 7.9% during the 4th quarter, HoldingsChannel reports. The firm owned 5,105 shares of the information servic… [+5854 chars]",0.9674,negative
GOOGL,CFO4Life Group LLC Has $5.12 Million Position in Alphabet Inc. (NASDAQ:GOOGL),"CFO4Life Group LLC grew its holdings in Alphabet Inc. (NASDAQ:GOOGL – Free Report) by 1.8% during the fourth quarter, according to its most recent 13F filing with the Securities and Exchange Commission (SEC). The firm owned 27,049 shares of the information se…","CFO4Life Group LLC grew its holdings in Alphabet Inc. (NASDAQ:GOOGL – Free Report) by 1.8% during the fourth quarter, according to its most recent 13F filing with the Securities and Exchange Commissi… [+6389 chars]",0.9042,positive
GOOGL,Healthcare Stocks To Watch Now – March 24th,"Alphabet, Salesforce, and UnitedHealth Group are the three Healthcare stocks to watch today, according to MarketBeat’s stock screener tool. Healthcare stocks represent ownership shares in companies within the healthcare sector, including pharmaceuticals, biot…","Alphabet, Salesforce, and UnitedHealth Group are the three Healthcare stocks to watch today, according to MarketBeat’s stock screener tool. Healthcare stocks represent ownership shares in companies w… [+4023 chars]",0.5267,neutral
GOOGL,"What Waymo's expansion into Washington, D.C., means for shares of parent Alphabet",The expansion of Waymo's network into new markets is a positive sign. But we remain downbeat on its parent company.,"Waymo is headed to Washington, D.C., the latest expansion for the small, but promising Alphabet business. The news Waymo One aims to launch its self-driving robotaxi service in the nation's capital i… [+3637 chars]",0.7543,neutral
GOOGL,The Trump administration is being asked to relax some AI chip rules,"As the U.S. prepares to roll out rules that will affect global artificial intelligence development, foreign government officials and tech company leaders are asking the Trump administration to relax some rules around chips, according to Bloomberg.Read more...","In This Story
As the U.S. prepares to roll out rules that will affect global artificial intelligence development, foreign government officials and tech company leaders are asking the Trump administr… [+2263 chars]",0.9001,neutral
GOOGL,Nvidia's latest innovation started as an April Fools' joke 8 years ago,"On Tuesday, Nvidia unveiled its Project G-Assist, an AI assistant for gamers and gaming content creators","In This Story
Its an April Fools Day miracle.
On Tuesday, Nvidia (NVDA-0.70%
) unveiled its experimental version of Project G-Assist, an AI assistant for gamers and gaming content creators that th… [+1519 chars]",0.296,neutral
GOOGL,"Netflix, YouTube, Disney and more: The 8 most-watched platforms in February","Despite boasting the largest global user base — 300 million subscribers — Netflix (NFLX) ranked only fourth among U.S. media distributors in February, according to a new report from Nielsen. YouTube (GOOGL), along with platforms owned by Disney (DIS) and Fox …","Despite boasting the largest global user base 300 million subscribers Netflix (NFLX) ranked only fourth among U.S. media distributors in February, according to a new report from Nielsen. YouTube (GOO… [+1153 chars]",0.0,neutral
GOOGL,Alibaba's chairman thinks there's an AI data center bubble,The race to build out data centers for artificial intelligence is worrying one billionaire.Read more...,"In This Story
The race to build out data centers for artificial intelligence is worrying one billionaire.
Alibaba (BABA-0.16%
) chairman Joe Tsai said that AI data center construction may overtake… [+2569 chars]",0.34,neutral
GOOGL,Google’s Waymo is sending self-driving cars to Washington D.C.,"Waymo (GOOGL), the self-driving startup backed by Alphabet, is sending its robotaxis to Washington, D.C.Read more...","In This Story
Waymo (GOOGL+0.79%
), the self-driving startup backed by Alphabet, is sending its robotaxis to Washington, D.C.
The company said it wants to launch its Waymo One ride-hailing service… [+2904 chars]",0.0516,neutral
GOOGL,Alphabet Inc. (NASDAQ:GOOGL) Holdings Boosted by Mascoma Wealth Management LLC,"Mascoma Wealth Management LLC grew its stake in shares of Alphabet Inc. (NASDAQ:GOOGL – Free Report) by 19.4% in the 4th quarter, according to its most recent Form 13F filing with the Securities and Exchange Commission. The fund owned 4,924 shares of the info…","Mascoma Wealth Management LLC grew its stake in shares of Alphabet Inc. (NASDAQ:GOOGL – Free Report) by 19.4% in the 4th quarter, according to its most recent Form 13F filing with the Securities and … [+6561 chars]",0.9792,positive
GOOGL,Erste Asset Management GmbH Grows Stock Holdings in Alphabet Inc. (NASDAQ:GOOGL),"Erste Asset Management GmbH raised its holdings in shares of Alphabet Inc. (NASDAQ:GOOGL – Free Report) by 11.8% in the fourth quarter, according to its most recent Form 13F filing with the SEC. The institutional investor owned 1,348,875 shares of the informa…","Erste Asset Management GmbH raised its holdings in shares of Alphabet Inc. (NASDAQ:GOOGL – Free Report) by 11.8% in the fourth quarter, according to its most recent Form 13F filing with the SEC. The … [+6472 chars]",0.9565,positive
GOOGL,HBK Sorce Advisory LLC Has $11.81 Million Stake in Alphabet Inc. (NASDAQ:GOOGL),"HBK Sorce Advisory LLC grew its stake in shares of Alphabet Inc. (NASDAQ:GOOGL – Free Report) by 3.3% during the fourth quarter, according to the company in its most recent disclosure with the Securities and Exchange Commission. The fund owned 62,399 shares o…","HBK Sorce Advisory LLC grew its stake in shares of Alphabet Inc. (NASDAQ:GOOGL – Free Report) by 3.3% during the fourth quarter, according to the company in its most recent disclosure with the Securi… [+6624 chars]",0.9246,positive
GOOGL,Tillman Hartley LLC Trims Stock Position in Alphabet Inc. (NASDAQ:GOOGL),"Tillman Hartley LLC trimmed its holdings in Alphabet Inc. (NASDAQ:GOOGL – Free Report) by 1.7% in the 4th quarter, HoldingsChannel reports. The fund owned 4,949 shares of the information services provider’s stock after selling 85 shares during the quarter. Ti…","Tillman Hartley LLC trimmed its holdings in Alphabet Inc. (NASDAQ:GOOGL – Free Report) by 1.7% in the 4th quarter, HoldingsChannel reports. The fund owned 4,949 shares of the information services pro… [+6202 chars]",0.9042,negative
GOOGL,Alphabet Inc. (NASDAQ:GOOGL) is Skandinaviska Enskilda Banken AB publ’s 6th Largest Position,"Skandinaviska Enskilda Banken AB publ raised its stake in Alphabet Inc. (NASDAQ:GOOGL – Free Report) by 7.8% during the 4th quarter, according to its most recent Form 13F filing with the Securities & Exchange Commission. The fund owned 2,862,762 shares of the…","Skandinaviska Enskilda Banken AB publ raised its stake in Alphabet Inc. (NASDAQ:GOOGL – Free Report) by 7.8% during the 4th quarter, according to its most recent Form 13F filing with the Securities &… [+6428 chars]",0.9042,positive
GOOGL,Alphabet Inc. (NASDAQ:GOOGL) Shares Sold by PGGM Investments,"PGGM Investments lessened its stake in shares of Alphabet Inc. (NASDAQ:GOOGL – Free Report) by 1.9% during the 4th quarter, HoldingsChannel reports. The firm owned 793,264 shares of the information services provider’s stock after selling 15,669 shares during …","PGGM Investments lessened its stake in shares of Alphabet Inc. (NASDAQ:GOOGL – Free Report) by 1.9% during the 4th quarter, HoldingsChannel reports. The firm owned 793,264 shares of the information s… [+6203 chars]",0.9501,positive
Alphabet,"‘Google tax’ abolition: No major revenue gains for Big Tech, but a moral victory","India's decision to abolish the controversial 'Google tax' is being hailed as a victory for Big Tech, with implications for e-commerce and advertising even if major players like Google and Meta may not see significant revenue gains from it.","New Delhi: Indias impending move to abolish the Google tax is unlikely to be a significant gain for Americas Big Tech giants such as Googles parent Alphabet Inc. and Meta Platforms Inc. However, the … [+4800 chars]",0.9196,positive
Alphabet,Kiwi teacher’s inspiring journey with listeria: ‘Having a disability doesn’t mean life is over’,A case of listeria left Grace in a coma but she insists that life is far from over.,"Honestly, I never thought it was that serious, recalls Grace, 33, thinking back to where it all began in April 2020. I thought Id just have some tests, possibly need a little medication and be back t… [+3818 chars]",0.8765,neutral
Alphabet,$1000 Invested In This Stock 15 Years Ago Would Be Worth This Much Today,"Alphabet (NASDAQ:GOOGL) has outperformed the market over the past 15 years by 6.61% on an annualized basis producing an average annual return of 17.6%. Currently, Alphabet has a market capitalization of $1.98 trillion. 
Buying $1000 In GOOGL: If an ...
Full s…","Alphabet (NASDAQ:GOOGL) has outperformed the market over the past 15 years by 6.61% on an annualized basis producing an average annual return of 17.6%. Currently, Alphabet has a market capitalization… [+146 chars]",0.2263,positive
Alphabet,Switch 2's mysterious 'C' button finally confirmed,"Of all the unknowns still surrounding Switch 2, its rumoured 'C' button is perhaps the most mysterious - not least because when Nintendo finally revealed its Switch successor earlier this year, there was simply an enigmatic blank square where everyone was exp…","Of all the unknowns still surrounding Switch 2, its rumoured 'C' button is perhaps the most mysterious - not least because when Nintendo finally revealed its Switch successor earlier this year, there… [+2389 chars]",0.4215,neutral
Alphabet,"Today's Wordle Hints, Answer and Help for March 28, #1378","Here's today's Wordle answer, plus a look at spoiler-free hints and past solutions. These clues will help you solve The New York Times' popular puzzle game, Wordle, every day.","Looking for the most recent Wordle answer? Click here for today's Wordle hints, as well as our daily answers and hints for The New York Times Mini Crossword, Connections, Connections: Sports Edition … [+1273 chars]",0.8957,neutral
Alphabet,3 smart ASX shares to buy and hold for the next decade,"Here are three shares that could be top picks according to analysts.
The post 3 smart ASX shares to buy and hold for the next decade appeared first on The Motley Fool Australia.","Investing doesn't have to be complicated. While markets will always move up and down in the short term, long-term investors are often rewarded for simply backing quality businesses and letting time d… [+2548 chars]",0.9042,neutral
Alphabet,Google's new AI updates will scan your screenshots and give you itineraries,"Google (GOOGL) is making travel planning a whole lot easier for users, with artificial intelligence makeovers to its Search and Maps functions released ThursdayRead more...","In This Story
Google (GOOGL-1.38%
) is making travel planning a whole lot easier for users, with artificial intelligence makeovers to its Search and Maps functions released Thursday
Chances are, y… [+1670 chars]",0.9118,neutral
Alphabet,"I Can't Make It Through RFK Jr.'s Explanation For Cutting 10,000 HHS Jobs Without Screaming","HHS Secretary, heal thyself. Because you're pretty damned sick.","I have been an atheist all my life, but I have never been as certain of the fact that there is no state of life after death that could interact with the living on this plane than I am at this very mo… [+7378 chars]",-0.8974,neutral
Alphabet,RFK Jr. and Trump Administration Cut 10K Jobs from Federal Health Agencies,"Secretary of Health and Human Services Robert F. Kennedy Jr. announced major layoffs to federal health agencies. The plan is to cut around 10,000 jobs in total.","Robert F. Kennedy Jr., the Secretary of Health and Human Services in President Donald Trump's cabinet, announced major job cuts in the federal workforce on Thursday, March 27.
Around 10,000 employee… [+3796 chars]",-0.6887,negative
Alphabet,"Why market AI worries are overblown — plus, a key approval for a portfolio health stock","Every weekday, the Investing Club releases the Homestretch; an actionable afternoon update just in time for the last hour of trading.","Every weekday, the CNBC Investing Club with Jim Cramer releases the Homestretch an actionable afternoon update, just in time for the last hour of trading on Wall Street. Market moves: Stocks were low… [+4005 chars]",0.0772,negative
Alphabet,Google Spinoff Targets Musk Starlink Service But Is Amazon's Kuiper Only Real Threat?,The Elon Musk Starlink broadband satellite service holds a big lead as Google's Taara seeks new funding and Amazon ramps up Kuiper competition.,"The global broadband internet landscape may well have a new entrant market some day in Taara, spun off this month by Google-parent Alphabet (GOOGL). But Elon Musk's satellite service Starlink, part o… [+4139 chars]",-0.2263,neutral
Alphabet,How HHS layoffs could affect the Philly area,"The Department of Health and Human Services employs workers at the FDA, CDC, and NIH in Pennsylvania.","The U.S. Department of Health and Human Services plans to lay off 10,000 workers, close some regional offices, and consolidate divisions as part of a restructuring plan the department announced Thurs… [+4753 chars]",0.0,negative
Alphabet,Researchers find a way to shield quantum information from 'noise',"Researchers have discovered a way to protect quantum information from environmental disruptions, offering hope for more reliable future technologies.","Researchers at the University of the Witwatersrand in Johannesburg, South Africa (Wits University) in collaboration with Huzhou University in China have discovered a way to protect quantum informatio… [+3825 chars]",0.6908,positive
Alphabet,"“A Sicker America”: RFK Jr.’s HHS Will Lay Off 10,000 Staff","Robert F. Kennedy Jr.’s remaking of the federal Department of Health and Human Services (HHS) entered a new phase on Thursday, when officials announced that the department’s workforce would shrink by another 10,000 staff to comply with President Donald Trump’…","RFK Jr. at the California Libertarian Party Convention in 2024. Brian Cahn/Zuma
Fight disinformation: Sign up for the free Mother Jones Daily newsletter and follow the news that matters.
Robert F. … [+7702 chars]",0.6597,negative
Alphabet,"US, other G7 nations, fall behind in global tech race, study finds","The “Group of 7” (G7) nations are falling behind in key tech economic indicators such as high-tech exports, the number of software developers, and AI-related patent filings, endangering their future competitiveness, according to new study by London-based work…","Without focusing on innovation and future industries, tech leadership by the G7 is no longer guaranteed, Lehne said.
Tech advances are reshaping the global economy, with industries such as AI, autom… [+549 chars]",-0.5696,negative
Alphabet,"RFK Jr. Set to Take an Axe to His Own Department: Offices Shuttered, Thousands of Jobs Cut","For its own health and that of the American people, the Department of Health and Human Services is being put on a diet.","The Department of Health and Human Services is cutting about 10,000 jobs.
We aren’t just reducing bureaucratic sprawl. We are realigning the organization with its core mission and our new priorities… [+2884 chars]",-0.4588,negative
Alphabet,"RFK Jr. slashes 10,000 jobs in move to gut HHS ‘bureaucratic sprawl’",'We are realigning the organization with its core mission',"Robert F. Kennedy Jr. is sworn in as secretary of the Department of Health and Human Services at the White House, Thursday, Feb. 13, 2025. (Official White House photo by Joyce Boghosian)
The Departm… [+2155 chars]",-0.2023,negative
Alphabet,"RFK Jr. plans to cut 3,500 jobs at the FDA, as staff is reportedly already struggling with workload","The U.S. Department of Health and Human Services (HHS) announced Thursday that it plans to eliminate approximately 3,500 positions at the Food and Drug Administration (FDA), even as the agency’s staff is reportedly struggling to meet product review deadlines.…","In This Story
The U.S. Department of Health and Human Services (HHS) announced Thursday that it plans to eliminate approximately 3,500 positions at the Food and Drug Administration (FDA), even as th… [+1863 chars]",-0.7717,negative
Alphabet,DOGE Cuts Update Today: 69 Programs Expected to Be Eliminated,The Labor Department reportedly canceled over $500 million in grants to programs that combat child labor and forced labor abroad.,"Sixty-nine programs that combat child labor and forced labor abroad are reportedly set to be cut after the Trump administration canceled more than $500 million in grants allocated to them.
John Clar… [+5266 chars]",-0.8834,negative
Alphabet,"Topology-based quantum states resist noise, promising more stable networks","Researchers have discovered a way to protect quantum information from environmental disruptions, offering hope for more reliable future technologies.","Researchers have discovered a way to protect quantum information from environmental disruptions, offering hope for more reliable future technologies.
In their study published in Nature Communication… [+3924 chars]",0.8858,positive
Alphabet,Microsoft halts certain data centre projects in US and Europe amid surplus concerns,"Microsoft has reportedly ceased plans to proceed with certain data centre projects in the US and Europe, amounting to 2GW of electricity.","Microsoft has reportedly ceased plans to proceed with certain data centre projects in the US and Europe, amounting to 2 gigawatts (GW) of electricity, over the past six months. This decision aligns w… [+2616 chars]",0.6486,negative
Alphabet,"Steep Cuts to FDA, CDC Workforces Announced","Health and Human Services Secretary Robert F. Kennedy Jr. says the department's workforce is shrinking by around a quarter in a ""dramatic restructuring."" In a Thursday press release , Kennedy said 10,000 jobs are being cut as ""part of this most recent transfo…","Health and Human Services Secretary Robert F. Kennedy Jr. says the department's workforce is shrinking by around a quarter in a ""dramatic restructuring."" In a Thursday press release, Kennedy said 10,… [+1679 chars]",-0.5106,negative
Alphabet,"RFK Jr. plans to slash HHS staff by 20K, gutting ‘an entire alphabet soup of departments’","Health and Human Services Secretary Robert F. Kennedy slashed nearly 20,000 jobs from his department, reducing its workforce by nearly a quarter while insisting that core functionality remains in tact.","Health and Human Services Secretary Robert F. Kennedy Jr. unveiled plans Thursday to cut his workforce by about 10,000 current full-time employees and save an estimated $1.3 billion annually.
That m… [+3652 chars]",-0.2263,negative
Alphabet,HHS To Slash 10K Jobs Across Federal Health Agencies,"The Department of Health and Human Services announced it is cutting close to 10,000 full-time employees.","US Secretary of Health and Human Services Robert F. Kennedy Jr. (C) speaks as US President Donald Trump hosts (L) hosts a cabinet meeting in the Cabinet Room of the White House on March 24, 2025, in … [+3464 chars]",-0.3818,negative
Alphabet,Next Trillion-Dollar Company? AI Is Shaping The Future,Artificial Intelligence is transforming industries by disrupting traditional models and ushering in a new era of business competition.,"By Sophia Velastegui
Sophia Velastegui is an AI business executive; AI advisor for the National Science Foundation; Former Microsoft Chief AI Technology Officer and General Manager, AI Product; form… [+5154 chars]",0.4767,neutral
Alphabet,Global Ad Spend Forecast to Drop by $20 Billion Amid Market Volatility,Tariffs and recession fears are some of the reasons leading to lower growth forecasts.,"The ripple effects of U.S. trade tariffs are one of numerous factors expected to affect the global advertising market, resulting in a nearly $20 billion downgrade in ad spending.
According to data p… [+1327 chars]",-0.743,negative
Alphabet,"Alphabet Inc. (GOOGL) Boosts Gmail With AI-Driven Search—Faster, Smarter Results Coming to All Users","We recently published a list of the 10 AI Stocks Catching Wall Street’s Attention. In this article, we are going to take a look at where Alphabet Inc...","We recently published a list of the 10 AI Stocks Catching Wall Streets Attention. In this article, we are going to take a look at where Alphabet Inc. (NASDAQ:GOOG) stands against other AI stocks that… [+4240 chars]",0.6486,neutral
Alphabet,CoreWeave Stock May Pop On IPO Then Fall As Growth Becomes Harder,CoreWeave's IPO is the first one of the generative AI era. Competition for new Nvidia chips from huge rivals will make it hard for CoreWeave to grow fast enough.,"PARQUE DAS NACOES, LISBON, PORTUGAL - 2024/11/13: Michael Intrator, Co-founder &amp; CEO of CoreWeave, ... More addresses the audience during the second day of the Web Summit 2024 in Lisbon. Web Summ… [+11160 chars]",0.5423,neutral
Alphabet,Discovery reveals how a specialized structure in plant cells helps regulate photosynthesis,"Purdue University scientists have discovered a key mechanism that regulates how plants develop chloroplasts, essential structures responsible for the photosynthesis that sustains life on Earth by producing oxygen and food.","Purdue University scientists have discovered a key mechanism that regulates how plants develop chloroplasts, essential structures responsible for the photosynthesis that sustains life on Earth by pro… [+4927 chars]",0.7351,neutral
Alphabet,"Department Of Health And Human Services Will Cut 10,000 Jobs As Part Of Major Restructuring Plan",Most of the cuts will come from the public health agencies.,"WASHINGTON (AP) The U.S. Department of Health and Human Services will eliminate 10,000 jobs as part of a major restructuring plan, it announced Thursday.
Overall, the agency, which is responsible fo… [+2508 chars]",-0.3102,negative
Alphabet,"HHS will cut 10,000 full-time jobs and close or downsize several agencies","The Department of Health and Human Services said Thursday it plans to cut 10,000 full-time jobs across several agencies, as part of a broader effort by the Trump administration to restructure many parts of the federal government.","The Department of Health and Human Services said Thursday it plans to cut 10,000 full-time jobs across several agencies, as part of a broader effort by the Trump administration to restructure many pa… [+3209 chars]",-0.6486,negative
Alphabet,Google lands in controversy: Why are some employees unhappy despite salary hikes?,"At a recent all-hands meeting, Google employees raised concerns over smaller salary hikes and reduced stock grants despite the company’s strong financial performance. Many staff members, especially in non-technical roles, reported lower equity packages, spark…","Google employees have expressed dissatisfaction over smaller salary hikes during a recent all-hands meeting, according to a report by Business Insider. The issue, which has been a growing concern amo… [+3363 chars]",-0.8075,negative
Alphabet,Web Summit case: Paddy Cosgrave was Steve Jobs. Daire Hickey and David Kelly were Steve Wozniak,Web Summit founders were unable to escape Rockefeller’s famous dictum about business and friendship,"At first blush, Web Summit was a textbook start up. Three friends with similar backgrounds and much in common getting together to pursue a dream. Paddy Cosgrave had been in school with David Kelly at… [+4858 chars]",0.8271,neutral
Alphabet,"RFK Jr. orders 10,000 HHS layoffs in major health agency shakeup","The Health and Human Services Department is set to slash 10,000 jobs and streamline authorities under its secretary, Robert F. Kennedy Jr.","WASHINGTON  The Health and Human Services Department is set to slash 10,000 jobs and streamline authorities under its secretary, Robert F. Kennedy Jr.
The agency announced the restructuring plans on… [+2670 chars]",-0.6204,negative
Alphabet,Top YouTube Creators Plan to Woo Madison Avenue by Showcasing the New Appointment TV,"The talent behind mega-hit channels like MrBeast and Dude Perfect will use the Spotter Showcase event to reveal how audiences are engaging with them
The post Top YouTube Creators Plan to Woo Madison Avenue by Showcasing the New Appointment TV appeared first o…","For years, YouTube has hosted its own upfront presentation, dubbed Brandcast, where creators help the Alphabet-owned video platform woo Madison Avenue and compete with traditional media for ad dollar… [+487 chars]",0.975,neutral
Alphabet,"Global Sports Technology Market is set to soar to $68.7B by 2030, growing at a CAGR of 14.9%","Delray Beach, FL, March 27, 2025 (GLOBE NEWSWIRE) -- The global sports technology market is expected to grow from USD 34.25 billion in 2025 to USD 68.70 billion by 2030, growing at a CAGR of 14.9% during the forecast period.","Delray Beach, FL, March 27, 2025 (GLOBE NEWSWIRE) -- The global sports technology market is expected to grow from USD 34.25 billion in 2025 to USD 68.70 billion by 2030, growing at a CAGR of 14.9% du… [+5960 chars]",0.4767,positive
Alphabet,Microsoft Scales Back Data Center Leases Amid Oversupply and Shifting AI Demands,The company attributed the move to oversupply and lack of OpenAI training workload requirements.,"Microsoft (MSFT, Financials) backed away from U.S. and European data center projects totaling 2 gigawatts over the past six months, TD Cowen analysts said, attributing the move to excess infrastructu… [+1600 chars]",-0.296,negative
Alphabet,Tesla Out? Surprising New ‘Magnificent 7’ Stock Index Deals Fresh Blow To Elon Musk,"Tesla, Elon Musk’s electric car company, has seen its share price fall by almost half since its December highs...","Tesla, Elon Musks electric car company, has seen its share price fall by almost half since its December highs (as traders eye a Federal Reserve big catalyst).
Front-run Donald Trump, the White House… [+3408 chars]",0.7783,negative
Alphabet,CoreWeave's debut is landmark moment in AI boom and could kick off 'IPO parade',"Just over two years into the generative AI boom, CoreWeave is the first startup in the space to test the IPO market.","Michael Intrator, co-founder and CEO of CoreWeave, on Centre Stage during day two of Web Summit 2024 at the MEO Arena in Lisbon, Portugal.
When SuRo Capital CEO Mark Klein brought up the name CoreWe… [+10799 chars]",0.0772,neutral
Alphabet,"NPR, PBS honchos face tense grilling by GOP lawmakers over biased coverage, taxpayer funding",NPR CEO Katherine Maher and PBS CEO Paula Kerger testified before the DOGE subcommittee on Wednesday about alleged biased content that's put their platforms in GOP crosshairs.,"The heads of NPR and PBS sat for a high-intensity grilling on Capitol Hill Wednesday as they tried to defend their taxpayer-funded liberal news outlets from the wrath of Republicans.
NPR CEO Katheri… [+10210 chars]",-0.6808,negative
Alphabet,Font Spectrum is making futuristic typefaces that shift to make new forms,"At this Amsterdam-based foundry, things go from readable weights to “decorative extremes” with imaginative methods of integrating motion.","The designers Daniël Maarleveld and Edgar Walthert first met over a decade ago, and, being the type specialists that they are, saw potential for some brilliant font-based collaborations in each other… [+1389 chars]",0.5859,neutral
Alphabet,Hurun Global Rich List 2025: Elon Musk stays #1 despite DOGE and Donald Trump related troubles. Check top 10 list here,"Hurun Global Rich List 2025: Elon Musk retains top spot despite his DOGE and Donald Trump related troubles. Check top 10 list here — from Jeff Bezos, to Mark Zuckerberg and Warren Buffett.","Hurun Global Rich List 2025: The Hurun Global Rich List for 2025 is out and Tesla-SpaceX owner Elon Musk has retained his number one spot. Meanwhile, Indian billionaire Mukesh Ambani has slipped out … [+1924 chars]",0.9217,negative
Alphabet,Harrington Investments INC Sells 320 Shares of Alphabet Inc. (NASDAQ:GOOGL),"Harrington Investments INC lowered its position in Alphabet Inc. (NASDAQ:GOOGL – Free Report) by 0.9% in the fourth quarter, according to the company in its most recent Form 13F filing with the Securities & Exchange Commission. The firm owned 34,991 shares of…","Harrington Investments INC lowered its position in Alphabet Inc. (NASDAQ:GOOGL – Free Report) by 0.9% in the fourth quarter, according to the company in its most recent Form 13F filing with the Secur… [+6121 chars]",0.8807,negative
Alphabet,Alphabet Inc. (NASDAQ:GOOGL) Shares Acquired by Natixis Advisors LLC,"Natixis Advisors LLC boosted its holdings in shares of Alphabet Inc. (NASDAQ:GOOGL – Free Report) by 2.2% during the 4th quarter, according to its most recent disclosure with the Securities and Exchange Commission. The firm owned 5,013,961 shares of the infor…","Natixis Advisors LLC boosted its holdings in shares of Alphabet Inc. (NASDAQ:GOOGL – Free Report) by 2.2% during the 4th quarter, according to its most recent disclosure with the Securities and Excha… [+6390 chars]",0.9674,positive
Alphabet,Zevin Asset Management LLC Boosts Stake in Alphabet Inc. (NASDAQ:GOOGL),"Zevin Asset Management LLC lifted its holdings in Alphabet Inc. (NASDAQ:GOOGL – Free Report) by 14.0% during the fourth quarter, according to its most recent 13F filing with the Securities & Exchange Commission. The fund owned 109,074 shares of the informatio…","Zevin Asset Management LLC lifted its holdings in Alphabet Inc. (NASDAQ:GOOGL – Free Report) by 14.0% during the fourth quarter, according to its most recent 13F filing with the Securities &amp; Exch… [+6290 chars]",0.9638,positive
Alphabet,"First Financial Group Corp Acquires Shares of 2,585 Alphabet Inc. (NASDAQ:GOOGL)","First Financial Group Corp bought a new position in shares of Alphabet Inc. (NASDAQ:GOOGL – Free Report) in the 4th quarter, Holdings Channel reports. The fund bought 2,585 shares of the information services provider’s stock, valued at approximately $489,000.…","First Financial Group Corp bought a new position in shares of Alphabet Inc. (NASDAQ:GOOGL – Free Report) in the 4th quarter, Holdings Channel reports. The fund bought 2,585 shares of the information … [+6285 chars]",0.9552,neutral
Alphabet,"Campbell Capital Management Inc. Invests $57,000 in Alphabet Inc. (NASDAQ:GOOGL)","Campbell Capital Management Inc. acquired a new stake in shares of Alphabet Inc. (NASDAQ:GOOGL – Free Report) in the fourth quarter, according to the company in its most recent disclosure with the SEC. The firm acquired 300 shares of the information services …","Campbell Capital Management Inc. acquired a new stake in shares of Alphabet Inc. (NASDAQ:GOOGL – Free Report) in the fourth quarter, according to the company in its most recent disclosure with the SE… [+5715 chars]",0.9042,neutral
Alphabet,Associated Banc Corp Reduces Holdings in Alphabet Inc. (NASDAQ:GOOGL),"Associated Banc Corp lessened its stake in shares of Alphabet Inc. (NASDAQ:GOOGL – Free Report) by 3.1% in the fourth quarter, according to the company in its most recent 13F filing with the Securities & Exchange Commission. The institutional investor owned 7…","Associated Banc Corp lessened its stake in shares of Alphabet Inc. (NASDAQ:GOOGL – Free Report) by 3.1% in the fourth quarter, according to the company in its most recent 13F filing with the Securiti… [+6260 chars]",0.9042,positive
Alphabet,"Doheny Asset Management CA Sells 3,209 Shares of Alphabet Inc. (NASDAQ:GOOGL)","Doheny Asset Management CA reduced its position in Alphabet Inc. (NASDAQ:GOOGL – Free Report) by 13.9% in the 4th quarter, Holdings Channel.com reports. The fund owned 19,927 shares of the information services provider’s stock after selling 3,209 shares durin…","Doheny Asset Management CA reduced its position in Alphabet Inc. (NASDAQ:GOOGL – Free Report) by 13.9% in the 4th quarter, Holdings Channel.com reports. The fund owned 19,927 shares of the informatio… [+5910 chars]",0.9633,negative
GOOG,2 Otters Bust Out of Green Bay Zoo During Winter Storm Like Escape Convicts,They knew they had to act fast!,"Watching the evening news can really be depressing and even cause anxiety for some. There's not usually a whole lot of ""good"" news, but every now and then, we come across something that makes us smil… [+2228 chars]",0.2623,negative
GOOG,3 smart ASX shares to buy and hold for the next decade,"Here are three shares that could be top picks according to analysts.
The post 3 smart ASX shares to buy and hold for the next decade appeared first on The Motley Fool Australia.","Investing doesn't have to be complicated. While markets will always move up and down in the short term, long-term investors are often rewarded for simply backing quality businesses and letting time d… [+2548 chars]",0.9042,neutral
GOOG,"Italy Demands $1.1 Billion in Back Taxes From Meta, LinkedIn and X Over VAT Dispute","Italy is demanding nearly $1.1 billion in VAT from Meta, LinkedIn and X.","Italy's tax authorities have issued formal demands totaling nearly $1.1 billion to U.S. technology firms Meta (META, Financials), LinkedIn and X over unpaid value-added tax from previous years, accor… [+1593 chars]",-0.5574,negative
GOOG,"Markets Recoil In Horror As Trump Imposes Recession-Inducing Auto Tariffs, TD Cowen Flags Microsoft’s “More Pervasive” Data Center Lease Cancelations","Today's trading day began fairly innocuously but that benign touch did not last. First, reports emerged that China's NDRC has tightened energy efficiency regulations for domestic data centers, which, for all practical purposes, now exclude NVIDIA's H20 GPUs, …","This is not investment advice. The author has no position in any of the stocks mentioned. Wccftech.com has a disclosure and ethics policy.
Today's trading day began fairly innocuously but that benig… [+3163 chars]",0.2846,negative
GOOG,"5 strong ASX ETFs to buy with $5,000","These funds could be great picks if you are looking to put your hard-earned money into the share market.
The post 5 strong ASX ETFs to buy with $5,000 appeared first on The Motley Fool Australia.","If you're looking to build wealth over the long term but don't want the pressure of picking individual stocks, exchange-traded funds (ETFs) can be a great solution.
With just a few ETFs, investors c… [+3706 chars]",0.9531,neutral
GOOG,Alphabet Inc. (NASDAQ:GOOG) Holdings Reduced by Hudson Value Partners LLC,"Hudson Value Partners LLC reduced its stake in shares of Alphabet Inc. (NASDAQ:GOOG – Free Report) by 4.9% in the fourth quarter, HoldingsChannel reports. The institutional investor owned 32,446 shares of the information services provider’s stock after sellin…","Hudson Value Partners LLC reduced its stake in shares of Alphabet Inc. (NASDAQ:GOOG – Free Report) by 4.9% in the fourth quarter, HoldingsChannel reports. The institutional investor owned 32,446 shar… [+5729 chars]",0.9545,negative
GOOG,Quantum Computing: Tech's Next Giant Leap?,Recent developments suggest this futuristic technology is inching closer to reality.,"<ul><li>(2:00) - Key Takeaways From Nvidia GTC 2025
</li><li>(6:50) - What To Learn From Nvidia’s Quantum Day Events
</li><li>(13:30) - What Investors Need To Know About D-wave Quantum Computing
<… [+5413 chars]",0.0,neutral
GOOG,Could Google Stock Triple?,"Fact : Waymo has increased its weekly paid rides from 10,000 two years ago to around 150,000 by the end of 2024.","GOOG Stock
Trefis
Trefis
We believe Alphabet could be poised to more than triple its valuation from an already impressive $2 trillion, potentially becoming the world's most valuable company by a s… [+6143 chars]",0.8687,positive
GOOG,Is The Correction Over?,"Inside This Week's Bull Bear Report


<ul><!-- wp:list-item -->

<li>Is The Correction Over?</li>




<li>How We Are Trading It</li>




<li>Research Report - Recession Risk Not As High As Believed</li>




<li>Youtube - Before The Bell</li>




<li>…",<ul><li>Is The Correction Over?</li><li>How We Are Trading It</li><li>Research Report – Recession Risk Not As High As Believed</li><li>Youtube – Before The Bell</li><li>Market Statistics</li><li>Stoc… [+15330 chars],-0.8635,neutral
GOOG,3 of Goldman Sachs' best investing tips for currently volatile markets,"Volatile times in markets require precision, Goldman Sachs reminds investors.","Volatile times in markets require extra precision, says Goldman Sachs chief US equity strategist David Kostin.
In a new note on Friday, Kostin offered three recommendations for investors dealing wit… [+2534 chars]",0.6369,neutral
GOOG,Rep. Marjorie Taylor Greene Buys Alphabet Inc. (NASDAQ:GOOG) Shares,"Representative Marjorie Taylor Greene (R-Georgia) recently bought shares of Alphabet Inc. (NASDAQ:GOOG). In a filing disclosed on March 19th, the Representative disclosed that they had bought between $1,001 and $15,000 in Alphabet stock on March 17th. Represe…","Representative Marjorie Taylor Greene (R-Georgia) recently bought shares of Alphabet Inc. (NASDAQ:GOOG). In a filing disclosed on March 19th, the Representative disclosed that they had bought between… [+7374 chars]",0.6808,neutral
GOOG,Google - Pixel 9 Pro XL 128GB (Unlocked) - Obsidian with Pixel 8a trade in | Activation with Verizon required $10,Best buy is offering elevated trade ins for Pixel 9 pro and with carrier discount you have to pay only $10. You can also buy an unlocked pixel 8a from target for $299 https://www.target.com/p/google-p,Best buy is offering elevated trade ins for Pixel 9 pro and with carrier discount you have to pay only $10. You can also buy an unlocked pixel 8a from target for $299 https://www.target.com/p/google-… [+4216 chars],0.8225,neutral
GOOG,Google - Pixel 9 Pro XL 128GB (Unlocked) - Obsidian with Pixel 8a trade in | Activation with Verizon required $10 (1 replies),Best buy is offering elevated trade ins for Pixel 9 pro and with carrier discount you have to pay only $10. You can also buy an unlocked pixel 8a from target for $299 https://www.target.com/p/google-p,Best buy is offering elevated trade ins for Pixel 9 pro and with carrier discount you have to pay only $10. You can also buy an unlocked pixel 8a from target for $299 https://www.target.com/p/google-… [+2429 chars],0.8225,neutral
GOOG,"Tesla Upgraded by Cantor Fitzgerald on Autonomous Driving, AI Strength","Cantor Fitzgerald upgraded Tesla to Overweight from Neutral, citing an attractive buying opportunity.","Cantor Fitzgerald upgraded Tesla (TSLA, Financials) to Overweight from Neutral, citing a buying opportunity following the recent sell-off, the firm announced after a site visit to Tesla's Gigafactory… [+1004 chars]",0.7717,positive
GOOG,The 'Magnificent 7' stocks are having their worst quarter in more than 2 years,The Magnificent Seven stocks are having their worst quarter in more than two years — and are dragging down the S&P 500 with them.,"Tuesday's stock market sell-off had a familiar flavor to the market action seen so far this year.
Six of the ""Magnificent Seven"" stocks shares of Nvidia (NVDA), Tesla (TSLA), Alphabet (GOOG, GOOGL),… [+3780 chars]",0.6908,negative
GOOG,Google is testing Trump's new antitrust cops with $32 billion Wiz deal,Google's new attempt to buy Israeli cloud cybersecurity startup Wiz may be on more solid footing than it was when first contemplated during the Biden...,"Google's (GOOG, GOOGL) new attempt to buy Israeli cloud cybersecurity startup Wiz is a fresh test for how aggressively President Trump's antitrust watchdogs will respond to moves by Big Tech.
While … [+4849 chars]",0.2247,positive
GOOG,Google announces agreement to acquire Wiz,Google signed a definitive agreement to acquire Wiz. This deal will make it easier for companies to protect themselves across major clouds.,"Today we announced an agreement to acquire Wiz. Read our press release below, and learn more about what this means for Cloud customers and partnerson the Cloud blog.
MOUNTAIN VIEW, Calif. and NEW YO… [+8427 chars]",0.9325,neutral
GOOG,Alphabet agrees to buy cybersecurity startup Wiz for $32 billion: FT,"In This Article:
(Reuters) - Alphabet (GOOG, GOOGL) has agreed to buy cybersecurity startup Wiz for at least $32 billion, the Financial Times reported on Tuesday, citing people familiar with the matter.
The deal will be announced on Tuesday morning, the repor…","In This Article:(Reuters) - Alphabet (GOOG, GOOGL) has agreed to buy cybersecurity startup Wiz for at least $32 billion, the Financial Times reported on Tuesday, citing people familiar with the matte… [+144 chars]",0.6249,neutral
GOOG,How Did This Company With Just 1% Profits Outperform Google Stock?,"Its profit margins are literally around 1%. But its stock has grown 4x in 5 years, way outpacing Google and Amazon.","GOOG Stock
Trefis
MCK Stock
Trefis
Trefis
Google is a tech highflyer. McKesson is no Google. Its profit margins are literally around 1%. But its stock has grown 4x in 5 years, way outpacing Goog… [+5172 chars]",0.7184,neutral
GOOG,Why Alphabet Inc. (GOOG) is One of the Best Strong Buy Stocks to Buy Right Now,,"If you click 'Accept all', we and our partners, including 238 who are part of the IAB Transparency &amp; Consent Framework, will also store and/or access information on a device (in other words, use … [+702 chars]",0.9001,neutral
GOOG,Archival Storage,I gave a talk at the Berkeley I-school's Information Access Seminar  entitled Archival Storage . Below the fold is the text of the talk with...,I gave a talk at the Berkeley I-school's Information Access Seminar entitled Archival Storage. Below the fold is the text of the talk with links to the sources and the slides (with yellow background)… [+27347 chars],0.4939,neutral
GOOG,"Google preparing to partner with Taiwan's MediaTek on next AI chip, Information reports","However, Google has not cut ties with Broadcom, the chip designer it has worked with exclusively on the AI chips over the past several years, the report said...","(Reuters) - Alphabet's (GOOG, GOOGL) Google is preparing to partner with Taiwan's MediaTek (2454.TW) on the next version of its AI chips, Tensor Processing Units, that will be made next year, the Inf… [+1382 chars]",0.2057,neutral
GOOG,"Meta: Anti-Fragility Meets No-Brainer Valuation, Upgrading To 'Strong Buy'","Meta thrives on robust growth, making it a resilient pick. Find out why META stock is a 'Strong Buy' with 15% upside potential by year-end.","Analysts Disclosure:I/we have a beneficial long position in the shares of META, GOOG, AMZN either through stock ownership, options, or other derivatives. I wrote this article myself, and it expresses… [+741 chars]",0.9403,positive
GOOG,A Fed meeting and retail sales data greet a flailing stock market: What to know this week,"With the stock market on its worst stretch of 2025, investors will be looking for clues on when, or if, the Federal Reserve will cut interest rates further...","The stock market has sunk near a six-month low as concerns over slowing economic growth and fear of how tariffs could impact the outlook have shaken investor confidence.
Last week, the S&amp;P 500 (… [+6297 chars]",-0.1531,negative
GOOG,The Trade Desk: 3 Reasons To Seriously Consider Buying The Dip,The Trade Desk could capture a huge chunk of non-GOOG/META advertising spend in the coming decade. See why TTD stock is a Strong Buy.,"Analysts Disclosure:I/we have a beneficial long position in the shares of TTD either through stock ownership, options, or other derivatives. I wrote this article myself, and it expresses my own opini… [+728 chars]",0.8402,neutral
GOOG,Is now the perfect time to buy the BetaShares NASDAQ 100 ETF (NDQ)?,"Is this a rare buying opportunity for Aussie investors?
The post Is now the perfect time to buy the BetaShares NASDAQ 100 ETF (NDQ)? appeared first on The Motley Fool Australia.","The BetaShares Nasdaq 100 ETF (ASX: NDQ) has been caught up in the recent market selloff, with its units falling 12% from their highs.
This sharp and sudden downturn has been triggered by US Preside… [+2488 chars]",0.8042,negative
GOOG,Don’t do anything about your 401(k) until Tuesday,This key report should drop then.,"Right now many investors probably just want to hide. - Getty Images/iStockphoto
If youre wondering what to do about your retirement portfolio amid all this craziness and turmoil, try waiting until t… [+4675 chars]",-0.7906,neutral
GOOG,Why the Latest Inflation Reports Matter for Future Rate Cuts,"We’ve been talking about quantum computing a lot lately – and rightfully so.
After all, Big Tech is making major investments in it, including Alphabet Inc. (GOOG), Microsoft Corporation (MSFT) and Amazon.com, Inc. (AMZN). They’re developing quantum chips that…","Youve Read the News - Now Find the ExpertClick to discover leading experts on 50,000+ topics for media, events &amp; more.
Discover Experts on 50,000+ TopicsConnect for media, speaking, expert witne… [+95 chars]",-0.2732,neutral
GOOG,"Proficio Capital Partners LLC Purchases 7,548 Shares of Alphabet Inc. (NASDAQ:GOOG)","Proficio Capital Partners LLC increased its stake in shares of Alphabet Inc. (NASDAQ:GOOG – Free Report) by 10.0% in the 4th quarter, according to its most recent Form 13F filing with the Securities and Exchange Commission. The institutional investor owned 82…","Proficio Capital Partners LLC increased its stake in shares of Alphabet Inc. (NASDAQ:GOOG – Free Report) by 10.0% in the 4th quarter, according to its most recent Form 13F filing with the Securities … [+6350 chars]",0.9571,positive
GOOG,3 no-brainer ASX ETFs to buy after the market selloff,"These funds could be top picks for investors after being dragged lower this month.
The post 3 no-brainer ASX ETFs to buy after the market selloff appeared first on The Motley Fool Australia.","The global share market has taken a major hit in March, with shares tumbling due to renewed trade tensions. The catalyst? U.S. President Donald Trump's launch of sweeping trade tariffs, which have ra… [+3738 chars]",-0.4215,negative
GOOG,"Goldman Sachs cuts S&P 500 target, citing Maleficent 7 weakness","The Magnificent Seven — the group comprised of tech stocks Nvidia (NVDA), Alphabet (GOOG, GOOGL), Tesla (TSLA), Microsoft (MSFT), Amazon (AMZN), Meta...",from magnificent seven to Maleficent seven. That's what Goldman Sachs is saying about those mega cap tech stocks in a note out this morning here. Goldman noting that the mag seven are responsible for… [+1595 chars],0.7783,neutral
GOOG,Alphabet Inc. (GOOG): Among Top Stock Picks From Mark Cuban’s Portfolio,,"If you click 'Accept all', we and our partners, including 238 who are part of the IAB Transparency &amp; Consent Framework, will also store and/or access information on a device (in other words, use … [+702 chars]",0.6486,neutral
GOOG,Bango (LON:BGO) Stock Price Crosses Below 50-Day Moving Average – What’s Next?,"Bango PLC (LON:BGO – Get Free Report) passed below its fifty day moving average during trading on Tuesday . The stock has a fifty day moving average of GBX 96.06 ($1.24) and traded as low as GBX 78.08 ($1.01). Bango shares last traded at GBX 79.16 ($1.02), wi…",Bango PLC (LON:BGO – Get Free Report) passed below its fifty day moving average during trading on Tuesday . The stock has a fifty day moving average of GBX 96.06 ($1.24) and traded as low as GBX 78.0… [+1673 chars],0.6808,negative
GOOG,Trump's DOJ wants a Google breakup but is willing to leave AI alone,"President Trump and his predecessor Joe Biden now largely agree on a major question that has the potential to reshape the tech world: Google should be broken up.
But there is an important difference that emerged in a filing last Friday: Trump’s Justice Depart…","Youve Read the News - Now Find the ExpertClick to discover leading experts on 50,000+ topics for media, events &amp; more.
Discover Experts on 50,000+ TopicsConnect for media, speaking, expert witne… [+95 chars]",0.4767,neutral
GOOG,Trump's DOJ wants a Google breakup but is willing to leave AI alone,President Trump and his predecessor Joe Biden now largely agree on a major question that has the potential to reshape the tech world: Google should be broken...,"President Trump and his predecessor Joe Biden now largely agree on a major question that has the potential to reshape the tech world: Google should be broken up.
But there is an important difference… [+5495 chars]",-0.5267,neutral
GOOG,"Tech stocks led a broad sell-off; the Nasdaq fell 4%, its sharpest one-day decline since Sept. 2022, with NVDA down 5%, AAPL down 5%, META down 4%, GOOG down 4%",,"Youve Read the News - Now Find the ExpertClick to discover leading experts on 50,000+ topics for media, events &amp; more.
Discover Experts on 50,000+ TopicsConnect for media, speaking, expert witne… [+95 chars]",0.0,negative
GOOG,Google - Pixel 9 Pro XL 128GB (Unlocked) - Bestbuy $600,"Bestbuy has Google - Pixel 9 Pro XL 128GB (Unlocked) for $600 
 
https://www.bestbuy.com/site/goog...Id=6587896","This collaborative space allows users to contribute additional information, tips, and insights to enhance the original deal post. Feel free to share your knowledge and help fellow shoppers make infor… [+26 chars]",0.8591,neutral
GOOG,128GB Google Pixel 9 Pro XL (Unlocked) $599 or less w/ Trade-in + Free Shipping,"Bestbuy has Google - Pixel 9 Pro XL 128GB (Unlocked) for $600 
 
https://www.bestbuy.com/site/goog...Id=6587896","This collaborative space allows users to contribute additional information, tips, and insights to enhance the original deal post. Feel free to share your knowledge and help fellow shoppers make infor… [+26 chars]",0.9153,neutral
GOOG,What is Alphabet Inc.?,"Alphabet Incorporated (also known as Alphabet Inc. or simply Alphabet) is a conglomerate of numerous companies, including the search engine giant Google.","Alphabet Incorporated (also known as Alphabet Inc. or simply Alphabet) is a conglomerate of numerous companies, including the search engine giant Google. In 2015, Alphabet became Google's holding com… [+12181 chars]",0.0,neutral
GOOG,"Nvidia, Tesla stocks slide as 'Magnificent 7' names lead markets lower","The ""Magnificent Seven"" stocks were at the center of an early sell-off in markets on Monday as investors continue to take risk off the table.","The ""Magnificent Seven"" stocks were at the center of another sell-off hitting markets Monday.
Shares of Nvidia (NVDA), Tesla (TSLA), Alphabet (GOOG, GOOGL), Amazon (AMZN), Meta (META), Apple (AAPL),… [+2570 chars]",0.9062,negative
GOOG,"Stock market today: Dow, S&P 500, Nasdaq sink after S&P's worst week since September",US stocks looked set to build on losses of over 2% for the major indexes as March's struggles looked to continue.,"US stocks fell solidly Monday as investors processed growing concerns about the health of the US economy and readied for a busy week of economic data, headlined by a report on inflation amid concerns… [+4342 chars]",-0.8225,negative
GOOG,"Stock market today: Nasdaq, S&P 500 lead losses as market sell-off accelerates",US stocks looked set to build on losses of over 2% for the major indexes as March's struggles looked to continue.,"US stocks fell solidly Monday with selling accelerating by mid-morning trading as investors processed growing concerns about the health of the US economy and readied for a busy week of economic data,… [+6024 chars]",-0.7351,negative
GOOG,"Nvidia, Tesla stocks slip as 'Magnificent 7' names lead markets lower","The ""Magnificent Seven"" stocks were at the center of another sell-off set to hit markets early Monday.
Shares of Nvidia (NVDA), Tesla (TSLA), Alphabet (GOOG, GOOGL), Amazon (AMZN), and Meta (META) were all down more than 2% before the market open on Monday.
A…","Youve Read the News - Now Find the ExpertClick to discover leading experts on 50,000+ topics for media, events &amp; more.
Discover Experts on 50,000+ TopicsConnect for media, speaking, expert witne… [+95 chars]",0.8591,negative
GOOG,What is quantum computing and how it could change the tech world,"Quantum computing might sound like the kind of sci-fi plot device used to explain how a character traveled through time or shrank to the size of an ant. But the technology is very real, and Silicon Valley is increasingly jumping on the quantum train.
Amazon (…","Youve Read the News - Now Find the ExpertClick to discover leading experts on 50,000+ topics for media, events &amp; more.
Discover Experts on 50,000+ TopicsConnect for media, speaking, expert witne… [+95 chars]",0.4215,neutral
GOOG,Apple Crippled By AI Failure,"Apple (NASDAQ: AAPL) has delayed the release of its newest AI product, which puts it well behind competition from public companies such as Alphabet (NASDAQ: GOOG) and Microsoft (NASDAQ: MSFT) and private companies led by OpenAI. The delay threatens sales of A…","Discover leading experts on 50,000+ topicsConnect for media, speaking, expert witness inquiries &amp; more.
Experts on 50,000+ topicsClick to connect for media &amp; more.",-0.7906,negative
GOOG,Trump’s Tariffs Spark Market Volatility,"Inside This Week's Bull Bear Report


<ul><!-- wp:list-item -->

<li>Trump's Tariffs Spark Market Volatility</li>




<li>How We Are Trading It</li>




<li>Research Report - The Risk Of Recession Is Not Zero</li>




<li>Youtube - Before The Bell</li>…",<ul><li>Trump’s Tariffs Spark Market Volatility</li><li>How We Are Trading It</li><li>Research Report – The Risk Of Recession Is Not Zero</li><li>Youtube – Before The Bell</li><li>Market Statistics</… [+20491 chars],-0.6588,neutral
GOOG,Alphabet Inc. (GOOGL) Unveils AI-Driven Search Mode with Gemini 2.0,"We recently compiled a list of the 10 Hot AI News Updates Analysts are Monitoring. In this article, we are going to take a look at where Alphabet Inc...","We recently compiled a list of the 10 Hot AI News Updates Analysts are Monitoring. In this article, we are going to take a look at where Alphabet Inc. (NASDAQ:GOOGL) stands against the other AI stock… [+4498 chars]",0.0,neutral
GOOG,Big Tech antitrust fights face a new uncertainty: Trump,"Nearly every major US tech giant is defending against government-led antitrust claims, and they are all hoping for a reprieve from their new opponent: the Trump administration.
One recent plea came from Alphabet’s Google (GOOG, GOOGL). Last week it asked Trum…","Nearly every major US tech giant is defending against government-led antitrust claims, and they are all hoping for a reprieve from their new opponent: the Trump administration.One recent plea came fr… [+142 chars]",0.128,neutral
GOOG,Big Tech antitrust fights face a new uncertainty: Trump,Alphabet’s Google is among the Silicon Valley giants hoping for a reprieve from the new antitrust enforcers in Donald Trump's new administration.,"Nearly every major US tech giant is defending against government-led antitrust claims, and they are all hoping for a reprieve from their new opponent: the Trump administration.
One recent plea came … [+8217 chars]",0.128,neutral
GOOG,Crude Oil Prices Are Sitting On Big Support,"As the FINVIZ graph below shows, crude oil prices are on a significant support level. In technical analysis, the more a price bounces off a line, the more critical that trend line becomes. Furthermore, the blue trend line, which has […]
The post Crude Oil Pri…","As the FINVIZ graph below shows, crude oil prices are on a significant support level. In technical analysis, the more a price bounces off a line, the more critical that trend line becomes. Furthermor… [+4535 chars]",-0.883,neutral
Google,"Cajun joint that appeared on Guy Fieri’s ‘Diners, Drive-ins and Dives’ faces backlash over special offer to straight couples","“I have very recently watched a disgusting video put out by Darwell about his Tuesday 'couples' special. I am almost speechless. Almost,” another restaurant wrote.","A Mississippi eatery that appeared on Guy Fieri’s Diners, Drive-ins and, Dives is facing backlash after its owners posted a video offering something free to only straight couples that stopped by to e… [+2875 chars]",0.7351,negative
Google,"Google’s SEO Tips For Better Rankings – Search Central Live NYC via @sejournal, @martinibuster","Google’s Danny Sullivan shared what small independent sites can do to improve their rankings.
The post Google’s SEO Tips For Better Rankings – Search Central Live NYC appeared first on Search Engine Journal.",Google’s Search Liaison answered a question at Google Search Central Live NYC about whether Google prefers brands. Sullivan took that as an opportunity to affirm that Google is working to show more i… [+9416 chars],0.9169,neutral
Google,SwitchBot’s Amazon Spring Sale Lets You Automate Your Entire House And Save Over $1000,SwitchBot’s Amazon Spring Sale Lets You Automate Your Entire House And Save Over $1000A smart home isn’t defined by how many voice assistants it responds to or how many apps you’ve installed to manage your light switches. It’s...,A smart home isnt defined by how many voice assistants it responds to or how many apps youve installed to manage your light switches. Its defined by how little you actually need to do to keep things … [+11729 chars],0.9217,neutral
Google,Secretary of State Marco Rubio Says 300 Foreign Students Had Visas Revoked,"Secretary of State Marco Rubio said that as many as 300 foreign students have had their visas revoked due to President Donald Trump's immigration crackdown.
The post Secretary of State Marco Rubio Says 300 Foreign Students Had Visas Revoked appeared first on …","Secretary of State Marco Rubio said that as many as 300 foreign students have had their visas revoked due to President Donald Trump’s immigration crackdown.
Rubio confirmed the number of revoked vis… [+1772 chars]",0.0772,negative
Google,gc-data-storage 0.1.13,Python utility for data storage in Google Cloud Environments.,"A required part of this site couldnt load. This may be due to a browser
 extension, network issues, or browser settings. Please check your
 connection, disable any ad blockers, or try using a diffe… [+12 chars]",0.3182,neutral
Google,Customer Experience + Branding: The Relationship Goals of Marketing,"Customer experience can make or break your company. How you and your employees treat customers directly reflects your brand's values. But the truth is, positive customer experiences can be difficul...","Customer experience can make or break your company. How you and your employees treat customers directly reflects your brand’s values. But the truth is, positive customer experiences can be difficult … [+3483 chars]",0.9728,neutral
Google,gc-data-storage 0.1.12,Python utility for data storage in Google Cloud Environments.,"A required part of this site couldnt load. This may be due to a browser
 extension, network issues, or browser settings. Please check your
 connection, disable any ad blockers, or try using a diffe… [+12 chars]",0.3182,neutral
Google,The key election promises from Labor and the Coalition,Keep up with all the major commitments promised by Labor and the Coalition as they campaign for Australia's vote.,Labor and the Coalition have promised billions of dollars across the board to convince Australians to vote for them on May 3 and it can be hard to keep track.There's a laundry list of commitments Lab… [+20214 chars],0.868,neutral
Google,The Pitt Episode 13 Recap,"The totality of this shift—and his career, even—is too much for this superhero to bear.","Looking for a recap of episode 12? We have you covered.
I'll start this week on a lighter note. I feel like that's what we all need at this point in The Pitt, right? Something that astounds me about… [+7117 chars]",0.7149,neutral
Google,google-drive-connector 0.6,A Python package for Google Drive integration,"A required part of this site couldnt load. This may be due to a browser
 extension, network issues, or browser settings. Please check your
 connection, disable any ad blockers, or try using a diffe… [+12 chars]",0.3182,neutral
Google,"Elsbeth Season 2: Our Updated S02E16, S02E17, Season Finale Previews","Unfortunately, CBS and Robert King and Michelle King's Carrie Preston, Carra Patterson, and Wendell Pierce-starring Elsbeth has been forced off our screens again this week due to a bad case of NCAA ""March Madness""  – but fear not! Next week, the hit series re…","Posted in: CBS, Paramount+, TV | Tagged: Elsbeth
Check out our updated previews for CBS's Elsbeth S02E16: ""Hot Tub Crime Machine,"" S02E17: ""Four Body Problem,"" and the Season 2 finale.
Article Summ… [+6731 chars]",-0.9628,negative
Google,"What is DOGE? Exploring the initiative's creation, legality and purpose","The Department of Government Efficiency has shaken up U.S. politics since its inception, prompting readers to ask us whether DOGE is a ""real agency.""","""America Is Back and President Trump Is Just Getting Started."" The White House, 20 Feb. 2025, https://www.whitehouse.gov/articles/2025/02/america-is-back-and-president-trump-is-just-getting-started/.… [+10666 chars]",0.5106,neutral
Google,Google Calendar API on EC2 (AWS) - webbrowser.Error: could not locate runnable browser,"I am developing a Django App where a user can access his Google Calendar using this script
credentials = None
token = os.path.join(folder, ""token.pickle"")

if os.path.exists(token):
 with open(token, 'rb') as tk:
 credentials = pickle.load(tk)

if not credent…","I am developing a Django App where a user can access his Google Calendar using this script
credentials = None
token = os.path.join(folder, ""token.pickle"")
if os.path.exists(token):
 with open(tok… [+1801 chars]",0.0,neutral
Google,gc-data-storage 0.1.11,Python utility for data storage in Google Cloud Environments.,"A required part of this site couldnt load. This may be due to a browser
 extension, network issues, or browser settings. Please check your
 connection, disable any ad blockers, or try using a diffe… [+12 chars]",0.3182,neutral
Google,vmware workstation pro 安裝 ESXI,Winodws 11 24H2VMware workstation pro 17.6.2 build-24409262BIOS Virtualized Intel VT-X/EPT 都有開啟Winod...,"Winodws 11 24H2VMware workstation pro 17.6.2 build-24409262BIOS Virtualized Intel VT-X/EPT Winodws Hyper-V VMware workstation Intel VT-X 
 Intel VT-X
asus, lenovo
google 24H2, , 
? !",0.0,neutral
Google,Pixel Users Face Nightmare as Google Clock Fails to Wake Them Up,Something is seriously off with Google's software this month.,"March has been a brutal month for Pixel owners. First, Watch 3 users struggled with sync and notification issues after the Wear OS 5.1. Now, Pixel phones are failing at one simple job every phone sho… [+2495 chars]",-0.9231,negative
Google,"How ‘The Studio’ Pulled Off Its One-Take Episode: Weeks of Planning, Dozens of Takes and Lots of Flubbed Lines - Variety","How &lsquo;The Studio&rsquo; Pulled Off Its One-Take Episode: Weeks of Planning, Dozens of Takes and Lots of Flubbed LinesVariety View Full Coverage on Google News ...",The Fine Print: The following comments are owned by whoever posted them. We are not responsible for them in any way.,-0.0418,neutral
Google,cartographer-tuner added to PyPI,A toolkit for Google-Cartographer tuning.,"A required part of this site couldnt load. This may be due to a browser
 extension, network issues, or browser settings. Please check your
 connection, disable any ad blockers, or try using a diffe… [+12 chars]",0.3182,neutral
Google,cartographer-tuner 0.1.0,A toolkit for Google-Cartographer tuning.,"A required part of this site couldnt load. This may be due to a browser
 extension, network issues, or browser settings. Please check your
 connection, disable any ad blockers, or try using a diffe… [+12 chars]",0.3182,neutral
Google,gc-data-storage 0.1.10,Python utility for data storage in Google Cloud Environments.,"A required part of this site couldnt load. This may be due to a browser
 extension, network issues, or browser settings. Please check your
 connection, disable any ad blockers, or try using a diffe… [+12 chars]",0.3182,neutral
Google,Supermium Portable 132.0.6834.213 R2 (web browser with legacy support) Released,A new version of Supermium Portable has been released. Supermium is a web browser based on Chrome with legacy Windows support (XP/vista/7/8). It's packaged in PortableApps.com Format so it can easily integrate with the PortableApps.com Platform. And it's open…,A new version of Supermium Portable has been released. Supermium is a web browser based on Chrome with legacy Windows support (XP/vista/7/8). It's packaged in PortableApps.com Format so it can easily… [+1150 chars],0.8678,neutral
Google,Apapa E-call-up system boss decries sabotage,"The Managing Director of the Trucks Transit Parks at the Apapa Ports in Lagos, Jama Onwubuariri, says cartels in government in connivance with some individuals have started frustrating the E-call-up system for trucks and heavy-duty vehicles. The system is an …","The Managing Director of the Trucks Transit Parks at the Apapa Ports in Lagos, Jama Onwubuariri, says cartels in government in connivance with some individuals have started frustrating the E-call-up … [+3189 chars]",-0.8481,negative
Google,"Opera GX, Portable Edition 117.0.5408.162 (gaming browser) Released","A new version of Opera GX, Portable Edition has been released. Opera GX is a special version of the Opera browser built specifically to complement gaming. It's packaged as a portable app, so you can take your browser with you and it's in PortableApps.com Form…","A new version of Opera GX, Portable Edition has been released. Opera GX is a special version of the Opera browser built specifically to complement gaming. It's packaged as a portable app, so you can … [+1997 chars]",0.6597,neutral
Google,The simple reason judges keep rejecting Trump's Alien Enemies Act argument,Trump is deporting Venezuelan immigrants using the Alien Enemies Act but judges like Judge James Boasberg and the D.C. Court of Appeals are ruling against him.,"Blurring the distinction between substance and process is a tactic of disinformation. The Trump administration is using the technique in its efforts to deport immigrants under the Alien Enemies Act, … [+6046 chars]",-0.7906,neutral
Google,Remote Anything Port on TV; Computers Hacked/Migrating OS - HELP!,"Remote Anything Port on TV; Computers Hacked/Migrating OS - HELP! - posted in Virus, Trojan, Spyware, and Malware Removal Help: Please help... For over a year my computers were being bricked network adapters ; security settings; powershell scripts running etc…",Please help... For over a year my computers were being bricked network adapters ; security settings; powershell scripts running etc despite hard resets and reformats computers never recovered. my com… [+111016 chars],0.9727,neutral
Google,"Opera, Portable Edition 117.0.5408.163 (web browser) Released","A new version of Opera, Portable Edition has been released. Opera, Portable Edition is a lightweight, customizable browser designed for speed. It's the popular Opera™ web browser packaged as a portable app, so you can take your browser with you and it's in Po…","A new version of Opera, Portable Edition has been released. Opera, Portable Edition is a lightweight, customizable browser designed for speed. It's the popular Opera™ web browser packaged as a portab… [+1353 chars]",0.6808,neutral
Google,"Michigan Football Program, Morally Bankrupt and Corrupt","Institutions like the military and colleges are sometimes said to mirror society. One can only wonder where we are headed as a Country, but more importantly we must ask if individual schools are trend setters. Take the Ivy Leauge schools and their affinity fo…","Institutions like the military and colleges are sometimes said to mirror society. One can only wonder where we are headed as a Country, but more importantly we must ask if individual schools are tren… [+4035 chars]",0.8583,neutral
Google,Food delivery worker stabbed with screwdriver on Upper West Side during attempted bike snatching: cops,"A food delivery worker was stabbed by a screwdriver-wielding menace during an attempted bike robbery in Manhattan Wednesday night, cops said.","A food delivery worker was stabbed by a screwdriver-wielding menace during an attempted bike robbery in Manhattan Wednesday night, cops said. 
The 34-year-old man spotted a pair of alleged thieves t… [+669 chars]",-0.9524,negative
Google,"Matlock: Check Out Our S01E16, S01E17 & Season 1 Finale Updates","The bad news? Yup, NCAA ""March Madness"" coverage is knocking CBS and Showrunner Jennie Snyder Urman's Kathy Bates (Madeline ""Matty"" Matlock)-starring Matlock off of our screens for another week. The good news? That doesn't mean that we don't have some cool ne…","Posted in: CBS, Paramount+ | Tagged: matlock
Here's our updated rundown of what's ahead with CBS's Matlock S01E16: ""The Johnson Case,"" S01E17: ""I Was That, Too, and the season finale.
The bad news?… [+2726 chars]",-0.8591,neutral
Google,"‘Google tax’ abolition: No major revenue gains for Big Tech, but a moral victory","India's decision to abolish the controversial 'Google tax' is being hailed as a victory for Big Tech, with implications for e-commerce and advertising even if major players like Google and Meta may not see significant revenue gains from it.","New Delhi: Indias impending move to abolish the Google tax is unlikely to be a significant gain for Americas Big Tech giants such as Googles parent Alphabet Inc. and Meta Platforms Inc. However, the … [+4800 chars]",0.9196,positive
Google,Europe pushes back as Trump slaps tariffs on imported cars,"BERLIN, March 27 (Xinhua) -- U.S. President Donald Trump on Wednesday turned his earlier threat into","(Xinhua) 08:11, March 28, 2025
BERLIN, March 27 (Xinhua) -- U.S. President Donald Trump on Wednesday turned his earlier threat into action by signing an executive order imposing 25 percent tariffs o… [+7624 chars]",-0.802,positive
Google,JPMorgan Just Beat Big Tech to a Quantum Breakthrough,"Lava lamps, lottery balls and mouse cursors have long stood in for real-world randomness. Now JPMorgan Chase, with a 56-qubit machine and a theoretical physicist, has demonstrated a quantum leap: randomness, certified. It’s a milestone for quantum computing—a…","At JPMorgan Chase headquarters, a quiet quantum coup: the bank just beat Big Tech to a breakthrough in certified randomnessmarking a rare win for Wall Street in the race to make quantum computing use… [+2719 chars]",0.5859,neutral
Google,Galaxy S24 is showing broken sports scores on the new lock screen,The Galaxy S24 users using the One UI 7 beta version are getting broken sports scores on their device's lock screen.,Samsung introduced the Now Bar feature in the One UI 7 version alongside the Galaxy S25 series earlier this year. It is a unique feature that lets users stay updated with sports scores and more on th… [+1672 chars],-0.7351,neutral
Google,CFPB set to ditch BNPL rule,"The Consumer Financial Protection Bureau is set to perform another U-turn, dropping an interpretive rule declaring that pay-in-four BNPL lenders should be treated in the same way as credit cards.","The Consumer Financial Protection Bureau is set to perform another U-turn, dropping an interpretive rule declaring that pay-in-four BNPL lenders should be treated in the same way as credit cards.In O… [+1496 chars]",0.6369,neutral
Google,3 underrated Netflix movies you should watch this weekend (March 28–30),"In the mood for hidden gems? Netflix has several underrated movies, including a gripping drama, a moving biography, and a frightening horror flick.","Transmission Films
Table of Contents
Table of Contents
The Outrun (2024)
Lion (2016)
1922 (2017)
Can’t decide what to watch this weekend? While Netflix has a lot of available hits and blockbust… [+4397 chars]",-0.8053,neutral
Google,GameStop Loses $3B as Shareholders Question Bitcoin Plan,"GameStop’s market cap dropped by $3 billion as investors doubted its $1.3 billion Bitcoin plan, with GME stock plunging 24% despite initial gains.","On March 27, GameStop’s market capitalization dropped by nearly $3 billion as investors grew skeptical about the company's plan to accumulate Bitcoin, according to Google Finance.
The previous day, … [+2162 chars]",-0.7741,negative
Google,How Foreign Speech Restrictions Affect American Free Expression,,"The Hoover Institution Center for Revitalizing American Institutions webinar series features speakers who are developing innovative ideas, conducting groundbreaking research, and taking important act… [+1587 chars]",0.7906,neutral
Google,The tale of a bizarre bug encountered in Google Docs,"<table>
 <tr><td>
 
 <table><tr>
<td>#​729 — March 28, 2025
</td>
<td>Read on the Web
</td>
</tr></table>

<table><tr><td></td></tr></table>
 
 <table><tr><td>JavaScript Weekly
</td></tr></table>
<table><tr><td>
 
</td></tr></table>

<table><tr><td>
 
 ⭐ T…","Master Chrome's DevTools Join Jon Kuperman for this video course diving into Chrome's DevTools. You'll go beyond console.log(), learning how to inspect, debug, and audit your web apps tracking perfor… [+123 chars]",0.0516,neutral
Google,Best Mobile Sweepstakes Casinos: Top 6 Apps + Promo Codes for Welcome Bonuses,A wide variety of top-tier sweepstakes casinos are available to play via mobile. We review the apps and offer promo codes here.,"If you make a purchase after clicking on links within this article, Lee Enterprises may earn affiliate commissions. The news and editorial departments had no role in the creation or display of this c… [+7040 chars]",0.9313,neutral
Google,"Bebe Rexha Comments on Guys In Their ""Soft Girl"" Era: ""Do I Gotta Be The BF and The GF?""","Bebe Rexha talks about relationship dynamics:“I’m all about guys being in touch with their feminine side, like I love that for you, but it’s hard to be in your Soft Girl era… when all the guys are in their Soft Girl eras — like, do I gotta be the boyfriend an…","Bebe Rexha talks about relationship dynamics:
Im all about guys being in touch with their feminine side, like I love that for you, but its hard to be in your Soft Girl era when all the guys are in t… [+784 chars]",0.9524,neutral
Google,Android Auto 14.1 beta brings support for Android games,The Android Auto 14.1 beta update is now available and includes support for some Android games. More details here.,Android Auto is a platform that aims to make it easier to access useful apps and tools while driving. Big-sized icons and voice control help you access features more quicklyand safelypreventing you f… [+1812 chars],0.9153,neutral
Google,40 Expensive Fails That Are Painful And Hilarious To Look At,The post 40 Expensive Fails That Are Painful And Hilarious To Look At appeared first on Pleated Jeans.,"We share the worst fails often on here, but these expensive fails add a layer of cringe due to their hefty price tags.
As you peruse these pictures, it’s a mixed bag of emotions; you can’t help but … [+3963 chars]",-0.7184,neutral
Google,Your Android Phone Is About to Get Smarter – Here’s What’s New!,Google has recently announced a series of new features for Android smartphones,"Google's spring update brings a wave of innovative features to Android devices, enhancing communication, productivity, and entertainment capabilities. The tech giant has unveiled significant improvem… [+5327 chars]",0.8687,positive
Google,"CoreWeave prices IPO at $40 a share, below expected range","CoreWeave is trying to thaw the tech IPO market with one of the biggest offerings in years, but investors have expressed some skepticism.","CoreWeave on Thursday priced shares at $40 in the company's IPO, raising $1.5 billion in the biggest U.S. tech offering since 2021, CNBC has confirmed.
The company, which provides access to Nvidia g… [+2652 chars]",0.2263,positive
Google,gc-data-storage 0.1.8,Python utility for data storage in Google Cloud Environments.,"A required part of this site couldnt load. This may be due to a browser
 extension, network issues, or browser settings. Please check your
 connection, disable any ad blockers, or try using a diffe… [+12 chars]",0.3182,neutral
Google,"This LTE, Solar-Powered Smart Outdoor Camera Can Be Had For Just $34 For Limited Time","If you have something that you need to keep an eye on, whether that's a building or anything else, a good security camera will do the job. But what if your camera is too far away from Wi-Fi to remain accessible at all times? That's when a camera with 4G comes…","If you have something that you need to keep an eye on, whether that’s a building or anything else, a good security camera will do the job. But what if your camera is too far away from Wi-Fi to remain… [+1827 chars]",0.875,neutral
Google,These $21 JLab Go Pop Noise Canceling Earbuds Are the Perfect Spring Sale Deal for Tuning Out the World,"The latest generation of the affordable, adorable JLab Go series pack active noise canceling and translucent GameCube colors with its first discount at Amazon.","If you need some focused time to study or work, nothing is so helpful as active noise-canceling earbuds. Once the sole privilege of luxury buds from brands like Sony and Bose, ANC has slowly made its… [+3225 chars]",0.9735,neutral
Google,"Doctor Odyssey Returns Tonight! S01E12: ""Sophisticated Ladies"" Preview","After a crossover event with 9-1-1's Athena Grant (Angela Bassett), ABC and series creator Ryan Murphy's Joshua Jackson, Phillipa Soo, Sean Teale, and Don Johnson-starring high-seas procedural Doctor Odyssey is setting sail on a new adventure this week. So wh…","Posted in: ABC, Hulu, TV | Tagged: doctor odyssey
Along with a look at tonight's episode of ABC's Doctor Odyssey, S01E12: ""Sophisticated Ladies,"" check out what's still to come this season.
Article… [+3077 chars]",0.906,neutral
Google,US airlines lose altitude as economic turbulence hits travel demand,"Carriers including Delta, United, and Frontier have trimmed flight capacity to protect margins, while ticket sales and passenger traffic have declined.","U.S. airlines were flying high less than two months ago on talk of a new golden age, as strong travel demand and tight industry-wide capacity raised the prospect of a multi-year profit boom. But Pres… [+4361 chars]",0.6187,negative
Google,Veteran fund manager offers blunt take after Nvidia stock drop,"The artificial intelligence spending frenzy has catapulted Nvidia's share price and turned Nvidia into a household name akin to Google and Apple.
There's been a tsunami of interest in AI research and development following the highly successful launch of OpenA…",The artificial intelligence spending frenzy has catapulted Nvidia's share price and turned Nvidia into a household name akin to Google and Apple.There's been a tsunami of interest in AI research and … [+146 chars],0.9324,positive
