query,title,description,content,vaderScore,finbertResult
SPY,Do you cover your computer camera? Don’t forget this vital extra step for privacy,"Ages ago, coworkers asked why I covered my laptop’s webcam. Then they saw a video where a hacker used a remote access trojan (RAT) to spy on two people sleeping. They started taping over their webcam lenses, too.




But that’s actually not enough to keep so…","Skip to contentType your search and hit enter
When you purchase through links in our articles, we may earn a small commission. This doesn't affect our editorial independence
.
Ages ago, coworkers … [+4139 chars]",0.0772,neutral
SPY,How Michelle Trachtenberg Was Set for a Major Hollywood Comeback Before Her Tragic Death at 39,"Jennifer Hutchins, producer of Michelle Trachtenberg's final film 'Spyral', has revealed the beloved star was gearing up for a big return to the spotlight.","Tributes have flooded in from friends and co-stars since the Ice Princess actress's passing.
Buffy the Vampire Slayer star Sarah Michelle Gellar, who played Trachtenberg's on-screen sister in the sp… [+637 chars]",0.2263,neutral
SPY,Microsoft disrupted a global cybercrime ring abusing Azure OpenAI Service,"Microsoft exposed four individuals behind an Azure Abuse scheme using unauthorized GenAI access to create harmful content. Microsoft shared the names of four developers of malicious tools designed to bypass the guardrails of generative AI services, including …","Microsoft disrupted a global cybercrime ring abusing Azure OpenAI Service
 | Attackers could hack smart solar systems and cause serious damages
 | Enhanced capabilities sustain the rapid growth of … [+143444 chars]",-0.8625,neutral
SPY,I'm so desperate to play Grand Theft Auto 6 that I downloaded this unfinished open-world game set in 1990s Slovakia,Make bank in the murky world of post-Soviet Bratislava.,"Ever since Grand Theft Auto 6 was formally revealed, I've been yearning for a new city-sized sandbox. But Rockstar's latest crime epic is still months away at least, and outside of GTA, the industry … [+9215 chars]",-0.3537,neutral
SPY,Spy x Family – Episode 37,"Hello folks, and welcome back to Wrong Every Time. Today I figured we’d check back in on Spy x Family, and see what improbable shenanigans our Forgers have been enduring lately. When last we left off, Becky was still caught … Continue reading →","Hello folks, and welcome back to Wrong Every Time. Today I figured wed check back in on Spy x Family, and see what improbable shenanigans our Forgers have been enduring lately. When last we left off,… [+8891 chars]",-0.0516,neutral
SPY,Here’s What a Christopher Nolan James Bond Movie Could Be (And How Likely It Is),"BEVERLY HILLS, CALIFORNIA - FEBRUARY 08: Christopher Nolan poses in the press room during the 77th Annual Directors Guild of America Awards at The Beverly Hilton on February 08, 2025 in Beverly Hills, California. (Photo by Frazer Harrison/Getty Images)
Christ…","Christopher Nolan has been eyeing a James Bond movie for years and after some failed efforts, it’s worth looking at what a Nolan-directed Bond would look like and if there’s any chance of it still ha… [+9186 chars]",0.6249,neutral
SPY,UK residents: How to stop the government spying on your data,"If you live in the UK, without Apple’s Advanced Data Protection, you’ll need an alternative to iCloud sync and backup features. 
(via Cult of Mac - Apple news, rumors, reviews and how-tos)","If you want to keep your iCloud data completely private and secure, but you live in the United Kingdom where Apple is rolling back Advanced Data Protection to comply with government demands youll nee… [+11113 chars]",0.7361,neutral
SPY,HP EliteBook X G1a Review: An AI Laptop That’s All Business,The HP EliteBook X G1a goes all in on AI with one of AMD's powerful new Ryzen AI processors. The HP EliteBook X G1a is a business PC that goes heavy on the AI.,"On the surface, the HP EliteBook X G1a ($2,199 testing, $1,999 starting) looks like any other business laptop. Its got a safe, elegant design that screams work laptop. But dig a little deeper, and yo… [+10998 chars]",0.6187,neutral
SPY,Marlene Dietrich's secret role in a women-only spy ring - and the brazen act that put a Nazi price on her head,"Marlene Dietrich made her way to a recording studio in the middle of New York’s Times Square, about to give one of the most audacious performances of her career. The Berlin-born screen siren had renounced her German citizenship five years earlier, and become …","Skip to comments.
Marlene Dietrich's secret role in a women-only spy ring - and the brazen act that put a Nazi price on her headUK Daily Mail ^
 | 03/01/2025
 | Ruth Walker
Posted on 03/01/2025 5… [+3202 chars]",0.2944,neutral
SPY,03/01/2025,"(Toady One) There's 

a report for this month

. In addition, there's a 

Future of the Fortress reply

 in the new thread.","<li>03/01/2025 There's a report for this month. In addition, there's a Future of the Fortress reply in the new thread.</li><li>02/26/2025 Just posted another fixerly release. Probably do a few more o… [+166727 chars]",0.0,neutral
SPY,Denmark Prepares for Russian “Invasions of NATO Lands”,"Continues Supporting Ukraine War and Tripling War Budget
“We have decided to offer Ukraine NATO membership. But it is also clear that we must all agree on it if it is to happen,” said Denmark’s Defense Minister Troels Lund Poulsen…
The post Denmark Prepares f…","We have decided to offer Ukraine NATO membership. But it is also clear that we must all agree on it if it is to happen, said Denmarks Defense Minister Troels Lund Poulsen following the Ukraine Defens… [+16164 chars]",0.9161,neutral
SPY,"We have a busy week of rocket launches coming, including Starship IFT-8 - TWIRL #203","We have a very busy week of rocket launches coming up this week. Notably, we will get the 8th Starship launch. Be sure to check the recap videos too. Read more...","NASA/Don Pettit
We have an extremely busy launch schedule this week with some interesting events including the launch of the 8th Starship mission, which should have happened last week. There are als… [+3435 chars]",0.6124,neutral
SPY,SPMO Vs SPY: Which ETF Is The Better Buy?,"Compare SPMO and SPY ETFs to determine which is a better investment. Analyze their holdings, past performance and risk factors to make an informed choice.",SPY and SPMO offer distinct investment opportunities to investors with SPMO being more focused on ... [+] momentum-based growth with higher returns in bull markets while SPY delivers consistent growt… [+11238 chars],0.8955,neutral
SPY,Android System SafetyCore prude filter nonsense,"Peasants beaware, the morality brigades are after ye. Behold, an article about the severe privacy implications of the new Android System SafetyCore framework, pushed without consent onto users' devices, including silent installation, vague description, limite…","Android System SafetyCore prude filter nonsense
Updated: March 1, 2025
Here I was, a decadent European minding my own European business, pondering art and chocolate and
the price of diesel, when, … [+11806 chars]",-0.8429,neutral
SPY,The 'Shrek' Cast Now: See What the Original Voice Actors Are Up to Today,"'Shrek,' the hugely popular animated series about a grumpy, swamp-dwelling ogre who reluctantly goes on a quest to save his home, starred the voices of Mike Myers, Eddie Murphy and Cameron Diaz. Here's where the cast of 'Shrek' are now.","Most fairytales avoid swamps, banished creatures and potty humor but Shrekisn't your typical fairytale.
 Released in 2001, the animated parody film follows an anti-social ogre named Shrek (Mike Myer… [+12336 chars]",0.5279,neutral
SPY,Atria Wealth Solutions Inc. Buys 410 Shares of FT Vest U.S. Equity Deep Buffer ETF – July (BATS:DJUL),"Atria Wealth Solutions Inc. lifted its stake in shares of FT Vest U.S. Equity Deep Buffer ETF – July (BATS:DJUL – Free Report) by 5.4% during the fourth quarter, according to its most recent disclosure with the Securities and Exchange Commission. The institut…","Atria Wealth Solutions Inc. lifted its stake in shares of FT Vest U.S. Equity Deep Buffer ETF – July (BATS:DJUL – Free Report) by 5.4% during the fourth quarter, according to its most recent disclosu… [+2895 chars]",0.9779,positive
SPY,Deal to buy Prince Andrew's business unravels,A financial lifeline for Prince Andrew from the sale of Pitch@Palace seems unlikely to go ahead.,"Sean Coughlan
Ben King
Prince Andrew has been under pressure to find funding for his home in Windsor
A deal to take over the Duke of York's former start-up business network now seems to be in doub… [+3926 chars]",-0.296,negative
SPY,One of the key indicators that someone will turn spy is financial distress. Soo [Obvious],One of the key indicators that someone will turn spy is financial distress. Soo,"Tulsy approves.So does Musk, this is how he jumpstarted shpace yikes.
The question is how much will the recruitment effort cost the federal budget.",-0.7783,neutral
SPY,Michelle Trachtenberg had plans to appear at a SXSW benefit screening before her tragic death,"The actress was scheduled to appear at the South by Southwest Festival for a benefit screening of her documentary film ""Spyral.""","Actress Michelle Trachtenberg was slated to appear at a benefit screening in Texas next month for her final film before her tragic death at 39, according to reports. 
The Gossip Girl star, who was f… [+3336 chars]",-0.5106,neutral
SPY,The Worst Market Intervention of All Time,"An inhabitant of Berlin, who in 1914 would have been jubilant upon receiving an unexpected legacy of 1,000 marks, did not think an amount of 1,000,000,000 marks worth his attention in the fall of 1923. — Ludwig von Mises, Interventionism, An Economic Analysis…","An inhabitant of Berlin, who in 1914 would have been jubilant upon receiving an unexpected legacy of 1,000 marks, did not think an amount of 1,000,000,000 marks worth his attention in the fall of 192… [+7151 chars]",0.7717,neutral
SPY,"Old/New Testament Reading for Saturday March 1, 2025 (KJV)",,"Numbers 20-22


 20 Then came the children of Israel, even the whole congregation, into the desert of Zin in the first month: and the people abode in Kadesh; and Miriam died there, and was buried th… [+17188 chars]",-0.5574,neutral
SPY,"Asus ROG Flow Z13 (2025) review: hold up, integrated graphics are good now?","The beefy Windows gaming tablet is back, and itâs done two things I thought impossible. It made me respect integrated graphics, and it convinced me a Windows tablet can be fun.  The Asus ROG Flow Z13 is a 13-inch tablet with a detachable keyboard, a bright …","The beefy Windows gaming tablet is back, and its done two things I thought impossible. It made me respect integrated graphics, and it convinced me a Windows tablet can be fun. 
The Asus ROG Flow Z13… [+10699 chars]",0.9719,neutral
SPY,"The loss of Monolith ends a long history of innovation with its Nemesis System and LithTech engine, and that's a big deal for gaming",Monolith Productions was behind so many great original and licensed games. The studio's legacy spans 30 years of innovations that shaped the industry.,"The closure of Monolith Productions is a huge loss to the gaming industry. More than 100 people have lost their jobs, many of whom have been working on many titles for decades. Monolith wasnt always … [+6900 chars]",0.7133,negative
SPY,Yen Press Summer Releases Wrap Up with Seventeen New Licenses,"NEW YORK, NY – February 28, 2025 – Yen Press, LLC has announced seventeen new title acquisitions, which includes supernatural yuri, exciting spin-off stories,...","NEW YORK, NY February 28, 2025 Yen Press, LLC has announced seventeen new title acquisitions, which includes supernatural yuri, exciting spin-off stories, and more.Releasing in August 2025, the lineu… [+8793 chars]",0.7506,neutral
SPY,"Nickelodeon Alum Danny Tamberelli Pays Tribute To 'The Adventures Of Pete & Pete' Co-Star Michelle Trachtenberg: ""She Was A Bright Light"" - Deadline","Nickelodeon Alum Danny Tamberelli Pays Tribute To 'The Adventures Of Pete & Pete' Co-Star Michelle Trachtenberg: ""She Was A Bright Light""Deadline Michelle Trachtenberg cause of death revealed after 'Gossip Girl' star dies at 39USA TODAY Michelle Trachtenberg,…","""Mach was the greatest intellectual fraud in the last ten years.""
""What about X?""
""I said `intellectual'.""
;login, 9/1990",0.9001,neutral
SPY,Staying With The Market’s Trend,"Another wild week for stocks as bullish sentiment plunged. Tom Aspray reviews an objective, price-based major trend and shares the key end-of month data.","Financial arrows up or down -staying with the trend
getty
One of the most important skills in trading and investing is being able to identify the key levels of support and resistance for a given ma… [+5241 chars]",0.7397,neutral
SPY,Evelyn Farkas- the Director of the McCain Instute at Arizona State University comments on Zelenskyy,"Evelyn Farkas, Arizona State University McCain Institute Executive Director, discusses whether or not she sees President Trump and President Zelenskiy meeting again to get things back on track, and signals agreeing on the Minerals Deal could potentially put t…","Skip to comments.
Evelyn Farkas- the Director of the McCain Instute at Arizona State University comments on ZelenskyyYou Tube ^
 | 2/38/2025
 | Bloomberg Podcast
Posted on 02/28/2025 5:48:51 PM P… [+6670 chars]",0.34,neutral
SPY,Secret underground spy tunnels that inspired James Bond novels could become the world’s next can’t-miss tourist attraction,That's a-maze-ing.,"That’s a-maze-ing.
A sprawling labyrinth of disused underground spy tunnels central to the James Bond novels could become London’s next can’t-miss tourist attraction.
The neglected network, coverin… [+2702 chars]",0.7003,neutral
SPY,"DOGE’s war on the government class, Comey’s creepy sex-spy plot and other commentary","Most DOGE critics accuse Musk of “waging war on defenseless civil servants,” explains Spiked’s Joel Kotkin.","From the right: DOGEs War on the Govt Class
Most DOGE critics accuse Musk of waging war on defenseless civil servants, but recent government growth has created a huge and expanding protected class o… [+3802 chars]",-0.2598,neutral
SPY,Spy x Family Anya Nendoroid Surprise Figures Debut,"Good Smile Company has opened pre-orders for the Spy x Family Anya Nendoroid surprise figures. Pre-orders will remain open until April 9, 2025, with the figure set expected to ship in October 2025. It will cost 10,800 or around $71, and will include a total o…","Good Smile Company has opened pre-orders for the Spy x Family Anya Nendoroid surprise figures. Pre-orders will remain open until April 9, 2025, with the figure set expected to ship in October 2025. I… [+1243 chars]",0.9397,neutral
SPY,Spy x Family’s Latest Release Hypes Its Most Heartbreaking Arc,"Martha and Henry in Spy x Family Chapter 102
Spy x Family continues winning people’s hearts and minds with its ongoing manga series filled with action, romance, and drama. The manga has over 38 million copies in circulation, with the fifteenth volume hitting …","Spy x Family continues winning people’s hearts and minds with its ongoing manga series filled with action, romance, and drama. The manga has over 38 million copies in circulation, with the fifteenth … [+3432 chars]",0.9653,neutral
SPY,Attackers could hack smart solar systems and cause serious damages,"Hackers reveal security flaws in smart solar systems, exposing risks to national power grids as global reliance on solar energy grows. DW investigated the risks of cyber attacks exploiting vulnerabilities in smart solar systems while the demand for solar ener…","Attackers could hack smart solar systems and cause serious damages
 | Enhanced capabilities sustain the rapid growth of Vo1d botnet
 | Cisco fixed command injection and DoS flaws in Nexus switches… [+143366 chars]",-0.8779,neutral
SPY,The best movies new to streaming this March,"February is finally behind us, and with it, the year marches onward with a new slate of exciting movie releases to look forward to. We’ve got Bong Joon-ho’s satirical sci-fi thriller Mickey 17 starring Robert Pattinson, Steven Soderbergh’s spy thriller Black …","February is finally behind us, and with it, the year marches onward with a new slate of exciting movie releases to look forward to. We’ve got Bong Joon-ho’s satirical sci-fi thriller Mickey 17 starri… [+5842 chars]",0.9153,neutral
SPY,‘Today I Learned’ Facts That Will Change How You See The World (24 PICS),‘Today I Learned’ Facts That Will Change How You See The World  (24 PICS),"""TIL about Andrew Carnegie, the original billionaire who spent 90% of his fortune creating over 3000 libraries worldwide because a free library was how he gained the education to become wealthy.""
""T… [+11472 chars]",0.8979,neutral
SPY,LBCF: Suspicious phone call,Buck Williams is a very bad journalist: Part MCXVI.,"(Left Behind series originally posted September, 2005.)
Left Behind, pp. 156-159
Dirk Gently Burton, you will recall, was Buck Williams college roommate and is now his off-the-record source about t… [+4414 chars]",-0.5095,neutral
SPY,Atlanta mayor appoints interim inspector general,LaDawn Blackett has been appointed to the role of interim inspector general.,"ATLANTA — Atlanta Mayor Andre Dickens is appointing an interim leader for the Office of the Inspector General, city leaders said on Friday.
Former Atlanta Inspector General Shannon K. Manigault anno… [+2365 chars]",0.0,neutral
SPY,"Blake Lively goes nuclear: Hires former CIA deputy in Justin Baldoni legal clash, shocking fans",Blake Lively&apos;s legal showdown with Justin Baldoni just took a jaw-dropping turn-she&apos;s brought in a heavy hitter from the CIA. As the It Ends With Us co-stars slug it out,"Blake Lively's legal showdown with Justin Baldoni just took a jaw-dropping turn-she's brought in a heavy hitter from the CIA. As the It Ends With Us co-stars slug it out in court, Lively, 37, has tap… [+2002 chars]",0.6808,neutral
SPY,"Peter Sichel, Acclaimed Vintner, Spy and Wine Spectator Distinguished Service Award Winner, Dies at 102","After escaping Nazi Germany, Sichel found success first as a spymaster and then as the force behind Blue Nun and other wines","Peter M.F. Sichels life was the stuff of cinematic thrillers. As a young German Jew, he escaped the Nazis and emigrated to America, where he signed up with the predecessor to the CIA. After working a… [+3455 chars]",0.9062,neutral
SPY,"Sector Rotation & Seasonality: What's Driving the Market Now?""","In this exclusive StockCharts video, Julius analyzes seasonality for U.S. sectors and aligns it with current sector rotation. He explores how these trends impact the market (SPY) and shares insights on potential movements using RRG analysis. By combining seas…","In this exclusive StockCharts video, Julius analyzes seasonality for U.S. sectors and aligns it with current sector rotation. He explores how these trends impact the market (SPY) and shares insights … [+984 chars]",0.6858,neutral
SPY,Michelle Trachtenberg Death Spark Chadwick Boseman Comparisons,"Michelle Trachtenberg, left; Chadwick Boseman.
Photo: J. Meric/WireImage for Manning, Selvage and Lee; Kevin Mazur (Getty Images)
As Hollywood continues to mourn the recent passing of Michelle Trachtenberg, fans are drawing a sad parallel between her and th…","As Hollywood continues to mourn the recent passing of Michelle Trachtenberg, fans are drawing a sad parallel between her and the late Chadwick Boseman. What theyre pointing out will no doubt upset yo… [+2180 chars]",-0.8887,neutral
SPY,"Notorious Malware, Spam Host “Prospero” Moves to Kaspersky Lab","One of the most notorious providers of abuse-friendly ""bulletproof"" web hosting for cybercriminals has started routing its operations through networks run by the Russian antivirus and security firm Kaspersky Lab, KrebsOnSecurity has learned.",One of the most notorious providers of abuse-friendly “bulletproof” web hosting for cybercriminals has started routing its operations through networks run by the Russian antivirus and security firm K… [+5219 chars],-0.7897,neutral
SPY,"Yen Press Licenses Common-Sense Monster, Land, Hollow Regalia, Futari Switch, More Manga/Novels","Also: Kunon the Sorceror Can See, Mechanical Marie, The Demons Are Planning Something Good, more","Yen Press announced on Friday that it has licensed the following titles for release in August:
Image courtesy of Yen Press
Title: So I'm a Spider, So What? Ex novelCreators: Okina Baba (story), Tsu… [+9111 chars]",0.6597,neutral
SPY,How to Watch Michelle Trachtenberg's Best TV Shows and Movies,"The late actress starred in Gossip Girl, Harriet the Spy, played Buffy's younger sister in Buffy, The Vampire Slayer, and even appeared in a Fall Out Boy video.","Actress Michelle Trachtenberg was just 39 when she was found dead on Feb. 26 in New York City, but she had been working as an actress for almost her entire life. Trachtenberg began her career in a Wi… [+3069 chars]",0.0772,neutral
SPY,"Michelle Trachtenberg’s boyfriend, Jay Cohen, was ‘huge support system’ amid late star’s health struggles - Page Six","Michelle Trachtenberg’s boyfriend, Jay Cohen, was ‘huge support system’ amid late star’s health strugglesPage Six How Did Michelle Trachtenberg Die? Her Cause of Death Revealed After Family Objects to AutopsyYahoo Entertainment Michelle Trachtenberg’s cause o…",The Fine Print: The following comments are owned by whoever posted them. We are not responsible for them in any way.,-0.5043,neutral
SPY,Can Saudi Arabia Successfully Market Its Pre-Islamic Past After Decades Of Suppressing It?,"The kingdom’s status as the birthplace of Islam is the very basis of its identity; as such, its pre-Islamic past was largely taboo. Yet current Saudi leaders see the ancient rock-hewn monuments of the Nabataeans (who also built Petra in Jordan) as the linchpi…","The volte face has been astonishing. Until 2017, or thereabouts, the Kingdom of Saudi Arabia was seen as the hallmark of Islamic puritanism, where compulsorily veiled women were forbidden to travel w… [+9710 chars]",0.1027,neutral
SPY,‘Hot money’ flees Bitcoin at record pace,"Investors pulled a record US$3.3 billion from Bitcoin exchange-traded funds in February, poised for their biggest monthly exodus. Read more","Bitcoins inability to stay above the US$97,000 mark is the first sign of what Bank of America calls the bro bubble popping
Author of the article:
There is risk that Bitcoin prices can go lower to t… [+7498 chars]",-0.7165,negative
SPY,EXCLUSIVE: Read the 'Proof' CIA Murdered RFK in 'Deep State Plot' — With Whistleblower Revealing Why Bobby Had to Die and How 13 Shots Were Fired at Doomed Politician,New orders from Donald Trump have shed new light on conspiracy theories surrounding the assassination of Robert F. Kennedy.,"When RFK was assassinated in 1968 at the Ambassador Hotel in California, some questioned if his death was the result of the CIA, despite Sirhan Sirhan being convicted of his murder.
Rumors also high… [+2616 chars]",-0.9863,neutral
SPY,Michelle Trachtenberg ‘pulled back from Hollywood’ before tragic death: ‘Never got her footing’,Michelle Trachtenberg was found dead at age 39 on Wednesday.,"Michelle Trachtenberg lived a quiet life in New York City before her tragic death at age 39.
The actress was found by her mother around 8 a.m. Wednesday at One Columbus Place, the Post exclusively c… [+3054 chars]",-0.959,neutral
S&P 500,State Street Drops Corporate Board Diversity Requirement: Here Are All The Companies Cutting DEI Programs,"Following Trump's lead, organizations including Walmart, Lowe’s and Meta have announced they would scale back their commitments to diversity, equity and inclusion programs.","State Street, the asset management firm known for installing the Fearless Girl statue in New York to promote gender diversity in corporate leadership, dropped its diversity targets for corporate boar… [+23790 chars]",0.7906,negative
S&P 500,Natural Gas Surges to Meet Data Center Power Needs,"The US has made over 100 GW of data center land acquisition and construction announcements, with estimated commercial operation dates falling between 2024 and 2035. At a global level, this represents roughly 40% of total data center announcements as of 2023. …","Transdniestria has agreed on a…
U.S. natural gas futures surged…
The UAE's expanding LNG and…
By Rystad Energy - Mar 01, 2025, 10:00 AM CSTThe US has made over 100 GW of data center land acquisiti… [+6862 chars]",0.765,neutral
S&P 500,S&P 500 Gains and Losses Today: Indexes Rally To Pare February Losses,"Key Takeaways
- The S&P 500 jumped 1.6% on Friday, Feb. 28, as investors looked past geopolitical concerns, paring the index's February losses.
- Energy provider AES led stocks higher after it issued a strong outlook fueled by optimism about AI data center po…","Key Takeaways- The S&amp;P 500 jumped 1.6% on Friday, Feb. 28, as investors looked past geopolitical concerns, paring the index's February losses.- Energy provider AES led stocks higher after it issu… [+157 chars]",0.3818,positive
S&P 500,AMD Stock Is a No-Brainer Buy If the CEO's Forecast Is True,"Investing in semiconductor stocks has generally been a good move for investors of late. In the past three years, the VanEck Semiconductor ETF has risen by just around 80%, which is a far more impressive performance than the S&P 500 and its 38% gains over that…","Investing in semiconductor stocks has generally been a good move for investors of late. In the past three years, the VanEck Semiconductor ETF has risen by just around 80%, which is a far more impress… [+149 chars]",0.9273,positive
S&P 500,"Dow Jones Futures: Stock Market Rally Attempt Begins After Nvidia, Tesla, Palantir Lead Big Losses; What To Do Now","Dow Jones futures will open Sunday evening, along with S&P 500 futures and Nasdaq futures. Trump tariffs and the jobs report are on tap. The stock market suffered sharp losses for the most part. The Nasdaq dived to 2025 lows. The tech-heavy index rebounded st…","Dow Jones futures will open Sunday evening, along with S&amp;P 500 futures and Nasdaq futures. Trump tariffs and the jobs report are on tap. The stock market suffered sharp losses for the most part. … [+146 chars]",-0.936,negative
S&P 500,Stocks Face a ‘Fog of Uncertainty’ as Global Risks Keep Mounting,The US stock market sent some troubling signals this week as investors’ euphoric post-election vibe slams into a few challenging realities.,"The US stock market sent some troubling signals this week as investors euphoric post-election vibe slams into a few challenging realities.
Author of the article:
8av8uiv1{itn0bpyg0h10}y(_media_dl_1… [+9085 chars]",0.3612,neutral
S&P 500,Stocks Face a ‘Fog of Uncertainty’ as Global Risks Keep Mounting,(Bloomberg) -- The US stock market sent some troubling signals this week as investors’ euphoric post-election vibe slams into a few challenging...,"(Bloomberg) -- The US stock market sent some troubling signals this week as investors euphoric post-election vibe slams into a few challenging realities.
Most Read from Bloomberg
The big-tech share… [+5998 chars]",0.3612,neutral
S&P 500,There are big cracks in a $7 trillion bull case for stocks to keep rising,Money market cash has been steadily declining as a percentage of the S&P 500's total market capitalization even as the absolute number hits records.,"Wall Street strategists in the last year have pointed to a key reason stocks are likely to keep pushing higher: the mountain of cash on the sidelines.
There's a record $6.9 trillion in money market … [+3479 chars]",0.0772,negative
S&P 500,Tesla Stock To $100?,"Tesla (NASDAQ:TSLA) is a fantastic company, and its founder, Elon Musk, is probably the most influential entrepreneur of our times.","A Tesla Cybertruck parks in front of the International Finance Center Seoul (IFC Seoul) in the ... [+] Yeouido financial district as a pedestrian walks past on February 27, 2025, in Seoul, South Kore… [+3664 chars]",0.7778,neutral
S&P 500,"Spot Gold, GLD Gold ETF, Or Gold-Backed Cryptos: Which Was A Better Investment In February Amid A Downturn In Stocks And Bitcoin?","Risk-on markets plummeted in February thanks to global trepidation fueled by President Donald Trump's tariff war. Consequently, demand for safe haven assets increased, sending gold-related investments higher.
What happened: Blue-chip indexes like the Nasdaq C…","Risk-on markets plummeted in February thanks to global trepidation fueled by President Donald Trump's tariff war. Consequently, demand for safe haven assets increased, sending gold-related investment… [+150 chars]",0.8957,negative
S&P 500,SPMO Vs SPY: Which ETF Is The Better Buy?,"Compare SPMO and SPY ETFs to determine which is a better investment. Analyze their holdings, past performance and risk factors to make an informed choice.",SPY and SPMO offer distinct investment opportunities to investors with SPMO being more focused on ... [+] momentum-based growth with higher returns in bull markets while SPY delivers consistent growt… [+11238 chars],0.8955,neutral
S&P 500,Why The Financial Markets Are The Only Real Check On Trump,"With Congress acquiescing to all of Trump's wishes and the courts stacked in his favor, many are concerned about an unbridled president. To the rescue comes the market.","With Congress acquiescing to all of Trump's wishes and the courts stacked in his favor, many are concerned about an unbridled president. To the rescue comes the market.
This past Thursday, President… [+6263 chars]",0.9217,neutral
S&P 500,Donald Trump's Worst Week Yet,"From the Jeffrey Epstein bombshell that wasn't to pocketbook concerns about the price of eggs, the president 's honeymoon period may be over.","President Donald Trump has had a whirlwind of a first month in office, delivering on his campaign promise to wholly remake the government dismantle the federal bureaucracy. Voters had been giving him… [+10498 chars]",-0.1027,neutral
S&P 500,Sigma Planning Corp Raises Stake in First Trust BuyWrite Income ETF (NASDAQ:FTHI),"Sigma Planning Corp grew its holdings in shares of First Trust BuyWrite Income ETF (NASDAQ:FTHI – Free Report) by 7.1% in the 4th quarter, according to its most recent disclosure with the SEC. The fund owned 11,877 shares of the company’s stock after purchasi…","Sigma Planning Corp grew its holdings in shares of First Trust BuyWrite Income ETF (NASDAQ:FTHI – Free Report) by 7.1% in the 4th quarter, according to its most recent disclosure with the SEC. The fu… [+3087 chars]",0.9686,positive
S&P 500,U.S. Money Supply Did Something 2 Years Ago That Was Last Witnessed During the Great Depression -- and It Historically Foreshadows a Big Move in Stocks,"For more than two years, the bulls have been running wild on Wall Street. Since the curtain opened for 2023, the iconic Dow Jones Industrial Average (DJINDICES: ^DJI), broad-based S&P 500 (SNPINDEX: ^GSPC), and growth stock-dependent Nasdaq Composite (NASDAQI…","For more than two years, the bulls have been running wild on Wall Street. Since the curtain opened for 2023, the iconic Dow Jones Industrial Average (DJINDICES: ^DJI), broad-based S&amp;P 500 (SNPIND… [+141 chars]",0.4588,neutral
S&P 500,CFNAI Index Suggests Economy Is Slowing,"The #RealInvestmentReport is our weekly newsletter which covers our thoughts on the current market environment, the risk to capital relative to the market, and how we are positioned currently. It includes our MacroView, analysis on markets and sectors, and ou…","<ul><li>CFNAI Index Suggests Economy Is Slowing</li><li>How We Are Trading It</li><li>Research Report – CAPE-5, A Better Measure</li><li>Youtube – Before The Bell</li><li>Market Statistics</li><li>St… [+19534 chars]",0.2023,neutral
S&P 500,A top 3% fund manager warns a 'multi-year bear market' is coming with stocks in the biggest momentum swing of his 45-year career,"""It is the most all-encompassing momentum market of my 45 years in the investing business,"" says top 3% investor Bill Smead.","Investors have enjoyed sunny days over the last two-and-a-half years thanks to a strong economy and enthusiasm around artificial intelligence.
But at some point, it's going to rain, warns Smead Capi… [+3007 chars]",0.8462,positive
S&P 500,Sigma Planning Corp Grows Stock Holdings in Vanguard S&P 500 Value ETF (NYSEARCA:VOOV),"Sigma Planning Corp lifted its position in Vanguard S&P 500 Value ETF (NYSEARCA:VOOV – Free Report) by 57.4% in the fourth quarter, according to its most recent filing with the Securities and Exchange Commission. The institutional investor owned 1,701 shares …","Sigma Planning Corp lifted its position in Vanguard S&amp;P 500 Value ETF (NYSEARCA:VOOV – Free Report) by 57.4% in the fourth quarter, according to its most recent filing with the Securities and Exc… [+3039 chars]",0.9545,positive
S&P 500,Donald Trump's Quest To Obtain Rare Earth Elements Explained,"From Ukraine to Greenland, Trump's drive to secure the critical minerals has become a cornerstone of his foreign policy agenda.","The push for securing American access to rare earth elements has become a key feature of the early foreign policy agenda of the second Trump administration.
A crucial component of modern technology … [+10749 chars]",0.34,neutral
S&P 500,Global X S&P 500 Catholic Values ETF (NASDAQ:CATH) Shares Purchased by Atria Wealth Solutions Inc.,"Atria Wealth Solutions Inc. boosted its stake in Global X S&P 500 Catholic Values ETF (NASDAQ:CATH – Free Report) by 7.7% during the 4th quarter, according to its most recent 13F filing with the Securities & Exchange Commission. The firm owned 4,764 shares of…","Atria Wealth Solutions Inc. boosted its stake in Global X S&amp;P 500 Catholic Values ETF (NASDAQ:CATH – Free Report) by 7.7% during the 4th quarter, according to its most recent 13F filing with the … [+3123 chars]",0.9882,positive
S&P 500,Invesco S&P 500 Momentum ETF (NYSEARCA:SPMO) Holdings Boosted by Truist Financial Corp,"Truist Financial Corp boosted its position in shares of Invesco S&P 500 Momentum ETF (NYSEARCA:SPMO – Free Report) by 22.6% during the 4th quarter, HoldingsChannel reports. The firm owned 12,884 shares of the company’s stock after buying an additional 2,379 s…","Truist Financial Corp boosted its position in shares of Invesco S&amp;P 500 Momentum ETF (NYSEARCA:SPMO – Free Report) by 22.6% during the 4th quarter, HoldingsChannel reports. The firm owned 12,884 … [+2934 chars]",0.9565,positive
S&P 500,"Sigma Planning Corp Purchases 1,011 Shares of Healthpeak Properties, Inc. (NYSE:DOC)","Sigma Planning Corp raised its stake in Healthpeak Properties, Inc. (NYSE:DOC – Free Report) by 9.3% in the fourth quarter, according to the company in its most recent filing with the Securities and Exchange Commission (SEC). The firm owned 11,861 shares of t…","Sigma Planning Corp raised its stake in Healthpeak Properties, Inc. (NYSE:DOC – Free Report) by 9.3% in the fourth quarter, according to the company in its most recent filing with the Securities and … [+4162 chars]",0.9246,positive
S&P 500,Palantir Stock Is Down 32% From Its Record High. History Says This Will Happen Next,"Palantir Technologies (NASDAQ: PLTR) made history when it peaked near $125 per share on Feb. 18, achieving an unprecedented valuation of 61 times forward sales. The stock at that point had skyrocketed 625% since January 2024, making it the best-performing mem…","Palantir Technologies (NASDAQ: PLTR) made history when it peaked near $125 per share on Feb. 18, achieving an unprecedented valuation of 61 times forward sales. The stock at that point had skyrockete… [+153 chars]",0.5267,negative
S&P 500,Prediction: Ulta Beauty Stock Will Beat the Market. Here's Why,"The market hasn't been too happy with Ulta Beauty (NASDAQ: ULTA) stock recently. The beauty megachain's shares are down 32% over the past year, seriously underperforming the S&P 500.
As if pressured conditions and performance weren't enough, Berkshire Hathawa…","The market hasn't been too happy with Ulta Beauty (NASDAQ: ULTA) stock recently. The beauty megachain's shares are down 32% over the past year, seriously underperforming the S&amp;P 500.As if pressur… [+151 chars]",0.9338,negative
S&P 500,FY2025 EPS Estimate for VICI Properties Increased by Analyst,"VICI Properties Inc. (NYSE:VICI – Free Report) – Equities researchers at Wedbush boosted their FY2025 EPS estimates for shares of VICI Properties in a report released on Wednesday, February 26th. Wedbush analyst R. Anderson now forecasts that the company will…","VICI Properties Inc. (NYSE:VICI – Free Report) – Equities researchers at Wedbush boosted their FY2025 EPS estimates for shares of VICI Properties in a report released on Wednesday, February 26th. Wed… [+4785 chars]",0.9442,positive
S&P 500,"Sanctuary Advisors LLC Has $626,000 Stock Holdings in Essex Property Trust, Inc. (NYSE:ESS)","Sanctuary Advisors LLC lessened its holdings in Essex Property Trust, Inc. (NYSE:ESS – Free Report) by 17.8% during the fourth quarter, according to the company in its most recent 13F filing with the SEC. The institutional investor owned 2,227 shares of the r…","Sanctuary Advisors LLC lessened its holdings in Essex Property Trust, Inc. (NYSE:ESS – Free Report) by 17.8% during the fourth quarter, according to the company in its most recent 13F filing with the… [+5431 chars]",0.9565,positive
S&P 500,Sanctuary Advisors LLC Trims Holdings in Invesco S&P 500 Pure Value ETF (NYSEARCA:RPV),"Sanctuary Advisors LLC trimmed its position in Invesco S&P 500 Pure Value ETF (NYSEARCA:RPV – Free Report) by 8.3% in the 4th quarter, according to the company in its most recent disclosure with the Securities & Exchange Commission. The fund owned 7,295 share…","Sanctuary Advisors LLC trimmed its position in Invesco S&amp;P 500 Pure Value ETF (NYSEARCA:RPV – Free Report) by 8.3% in the 4th quarter, according to the company in its most recent disclosure with … [+2815 chars]",0.9325,negative
S&P 500,"Principal Securities Inc. Invests $29,000 in Simplify Hedged Equity ETF (NYSEARCA:HEQT)","Principal Securities Inc. acquired a new position in shares of Simplify Hedged Equity ETF (NYSEARCA:HEQT – Free Report) during the fourth quarter, HoldingsChannel reports. The fund acquired 1,000 shares of the company’s stock, valued at approximately $29,000.…","Principal Securities Inc. acquired a new position in shares of Simplify Hedged Equity ETF (NYSEARCA:HEQT – Free Report) during the fourth quarter, HoldingsChannel reports. The fund acquired 1,000 sha… [+2870 chars]",0.9623,neutral
S&P 500,"Principal Securities Inc. Sells 76,962 Shares of Innovator Premium Income 40 Barrier ETF – January (NYSEARCA:JANQ)","Principal Securities Inc. lowered its stake in shares of Innovator Premium Income 40 Barrier ETF – January (NYSEARCA:JANQ – Free Report) by 98.3% in the fourth quarter, according to its most recent disclosure with the Securities & Exchange Commission. The fir…","Principal Securities Inc. lowered its stake in shares of Innovator Premium Income 40 Barrier ETF – January (NYSEARCA:JANQ – Free Report) by 98.3% in the fourth quarter, according to its most recent d… [+1629 chars]",0.9382,negative
S&P 500,Critical Contrast: Green Thumb Industries (GTBIF) versus Its Rivals,"Green Thumb Industries (OTC:GTBIF – Get Free Report) is one of 43 public companies in the “Agricultural production – crops” industry, but how does it weigh in compared to its rivals? We will compare Green Thumb Industries to similar businesses based on the st…","Green Thumb Industries (OTC:GTBIF – Get Free Report) is one of 43 public companies in the “Agricultural production – crops” industry, but how does it weigh in compared to its rivals? We will compare … [+4136 chars]",0.7438,neutral
S&P 500,Contrasting Air France-KLM (AFLYY) & Its Peers,"Air France-KLM (OTC:AFLYY – Get Free Report) is one of 36 publicly-traded companies in the “Air transportation, scheduled” industry, but how does it compare to its competitors? We will compare Air France-KLM to similar businesses based on the strength of its …","Air France-KLM (OTC:AFLYY – Get Free Report) is one of 36 publicly-traded companies in the “Air transportation, scheduled” industry, but how does it compare to its competitors? We will compare Air Fr… [+3748 chars]",0.9054,neutral
S&P 500,Head to Head Contrast: Lucky Strike Entertainment (LUCK) versus Its Peers,"Lucky Strike Entertainment (NYSE:LUCK – Get Free Report) is one of 42 publicly-traded companies in the “Amusement & recreation services” industry, but how does it compare to its peers? We will compare Lucky Strike Entertainment to related businesses based on …","Lucky Strike Entertainment (NYSE:LUCK – Get Free Report) is one of 42 publicly-traded companies in the “Amusement &amp; recreation services” industry, but how does it compare to its peers? We will co… [+4486 chars]",0.9793,neutral
S&P 500,Comparing Coca-Cola HBC (OTCMKTS:CCHGY) & Primo Brands (NYSE:PRMB),"Primo Brands (NYSE:PRMB – Get Free Report) and Coca-Cola HBC (OTCMKTS:CCHGY – Get Free Report) are both large-cap consumer staples companies, but which is the better stock? We will compare the two companies based on the strength of their risk, valuation, divi…","Primo Brands (NYSE:PRMB – Get Free Report) and Coca-Cola HBC (OTCMKTS:CCHGY – Get Free Report) are both large-cap consumer staples companies, but which is the better stock? We will compare the two co… [+4660 chars]",0.9748,neutral
S&P 500,Dazed (OTCMKTS:MEDH) versus Priority Technology (NASDAQ:PRTH) Financial Review,"Dazed (OTCMKTS:MEDH – Get Free Report) and Priority Technology (NASDAQ:PRTH – Get Free Report) are both medical companies, but which is the better business? We will compare the two businesses based on the strength of their analyst recommendations, profitabili…","Dazed (OTCMKTS:MEDH – Get Free Report) and Priority Technology (NASDAQ:PRTH – Get Free Report) are both medical companies, but which is the better business? We will compare the two businesses based o… [+5026 chars]",0.9745,neutral
S&P 500,RumbleOn (NASDAQ:RMBL) vs. TruBridge (NASDAQ:TBRG) Head-To-Head Survey,"RumbleOn (NASDAQ:RMBL – Get Free Report) and TruBridge (NASDAQ:TBRG – Get Free Report) are both small-cap retail/wholesale companies, but which is the superior investment? We will contrast the two companies based on the strength of their dividends, analyst re…","RumbleOn (NASDAQ:RMBL – Get Free Report) and TruBridge (NASDAQ:TBRG – Get Free Report) are both small-cap retail/wholesale companies, but which is the superior investment? We will contrast the two co… [+5939 chars]",0.9824,neutral
S&P 500,Reviewing The9 (NASDAQ:NCTY) & BTCS (NASDAQ:BTCS),"The9 (NASDAQ:NCTY – Get Free Report) and BTCS (NASDAQ:BTCS – Get Free Report) are both small-cap computer and technology companies, but which is the better business? We will contrast the two companies based on the strength of their institutional ownership, pr…","The9 (NASDAQ:NCTY – Get Free Report) and BTCS (NASDAQ:BTCS – Get Free Report) are both small-cap computer and technology companies, but which is the better business? We will contrast the two companie… [+4031 chars]",0.9789,neutral
S&P 500,Comparing Magnera (MAGN) and The Competition,"Magnera (NYSE:MAGN – Get Free Report) is one of 18 publicly-traded companies in the “Paper mills” industry, but how does it compare to its competitors? We will compare Magnera to similar businesses based on the strength of its valuation, dividends, risk, anal…","Magnera (NYSE:MAGN – Get Free Report) is one of 18 publicly-traded companies in the “Paper mills” industry, but how does it compare to its competitors? We will compare Magnera to similar businesses b… [+3441 chars]",0.8628,neutral
S&P 500,Reviewing Magnera (MAGN) and The Competition,"Magnera (NYSE:MAGN – Get Free Report) is one of 18 publicly-traded companies in the “Paper mills” industry, but how does it weigh in compared to its peers? We will compare Magnera to related businesses based on the strength of its dividends, earnings, valuati…","Magnera (NYSE:MAGN – Get Free Report) is one of 18 publicly-traded companies in the “Paper mills” industry, but how does it weigh in compared to its peers? We will compare Magnera to related business… [+3382 chars]",0.9054,neutral
S&P 500,Comparing AppFolio (NASDAQ:APPF) & Hello Group (NASDAQ:MOMO),"AppFolio (NASDAQ:APPF – Get Free Report) and Hello Group (NASDAQ:MOMO – Get Free Report) are both computer and technology companies, but which is the better investment? We will contrast the two businesses based on the strength of their valuation, profitabilit…","AppFolio (NASDAQ:APPF – Get Free Report) and Hello Group (NASDAQ:MOMO – Get Free Report) are both computer and technology companies, but which is the better investment? We will contrast the two busin… [+5783 chars]",0.9789,neutral
S&P 500,Comparing Federal Home Loan Mortgage (OTCMKTS:FMCC) and Fannie Mae (OTC:FNMA),"Federal Home Loan Mortgage (OTCMKTS:FMCC – Get Free Report) and Fannie Mae (OTC:FNMA – Get Free Report) are both mid-cap finance companies, but which is the superior investment? We will compare the two companies based on the strength of their profitability, e…","Federal Home Loan Mortgage (OTCMKTS:FMCC – Get Free Report) and Fannie Mae (OTC:FNMA – Get Free Report) are both mid-cap finance companies, but which is the superior investment? We will compare the t… [+6182 chars]",0.9849,neutral
S&P 500,Contrasting POET Technologies (NASDAQ:POET) and GCT Semiconductor (NYSE:GCTS),"POET Technologies (NASDAQ:POET – Get Free Report) and GCT Semiconductor (NYSE:GCTS – Get Free Report) are both small-cap computer and technology companies, but which is the better investment? We will compare the two companies based on the strength of their ri…","POET Technologies (NASDAQ:POET – Get Free Report) and GCT Semiconductor (NYSE:GCTS – Get Free Report) are both small-cap computer and technology companies, but which is the better investment? We will… [+5092 chars]",0.9789,neutral
S&P 500,Contrasting Intellipharmaceutics International (OTCMKTS:IPCIF) and Alkermes (NASDAQ:ALKS),"Intellipharmaceutics International (OTCMKTS:IPCIF – Get Free Report) and Alkermes (NASDAQ:ALKS – Get Free Report) are both medical companies, but which is the superior business? We will contrast the two companies based on the strength of their valuation, risk…","Intellipharmaceutics International (OTCMKTS:IPCIF – Get Free Report) and Alkermes (NASDAQ:ALKS – Get Free Report) are both medical companies, but which is the superior business? We will contrast the … [+6426 chars]",0.9824,neutral
S&P 500,Head-To-Head Comparison: Air France-KLM (OTC:AFLYY) versus easyJet (OTCMKTS:EJTTF),"easyJet (OTCMKTS:EJTTF – Get Free Report) and Air France-KLM (OTC:AFLYY – Get Free Report) are both mid-cap transportation companies, but which is the better business? We will contrast the two companies based on the strength of their institutional ownership, …","easyJet (OTCMKTS:EJTTF – Get Free Report) and Air France-KLM (OTC:AFLYY – Get Free Report) are both mid-cap transportation companies, but which is the better business? We will contrast the two compan… [+3440 chars]",0.9789,neutral
S&P 500,Magnera (NYSE:MAGN) and Mativ (NYSE:MATV) Critical Contrast,"Mativ (NYSE:MATV – Get Free Report) and Magnera (NYSE:MAGN – Get Free Report) are both small-cap basic materials companies, but which is the superior stock? We will compare the two companies based on the strength of their earnings, profitability, analyst reco…","Mativ (NYSE:MATV – Get Free Report) and Magnera (NYSE:MAGN – Get Free Report) are both small-cap basic materials companies, but which is the superior stock? We will compare the two companies based on… [+4995 chars]",0.984,neutral
S&P 500,Head-To-Head Survey: Legrand (OTCMKTS:LGRDY) and Legrand (OTCMKTS:LGRVF),"Legrand (OTCMKTS:LGRDY – Get Free Report) and Legrand (OTCMKTS:LGRVF – Get Free Report) are both large-cap computer and technology companies, but which is the better stock? We will compare the two businesses based on the strength of their earnings, analyst re…","Legrand (OTCMKTS:LGRDY – Get Free Report) and Legrand (OTCMKTS:LGRVF – Get Free Report) are both large-cap computer and technology companies, but which is the better stock? We will compare the two bu… [+5483 chars]",0.9789,neutral
S&P 500,Public Storage (NYSE:PSA) Given Average Rating of “Moderate Buy” by Brokerages,"Shares of Public Storage (NYSE:PSA – Get Free Report) have been assigned an average rating of “Moderate Buy” from the fourteen brokerages that are covering the firm, Marketbeat reports. Seven investment analysts have rated the stock with a hold recommendation…","Shares of Public Storage (NYSE:PSA – Get Free Report) have been assigned an average rating of “Moderate Buy” from the fourteen brokerages that are covering the firm, Marketbeat reports. Seven investm… [+5294 chars]",0.875,neutral
S&P 500,Comparing Airship AI (NASDAQ:AISP) and CyberArk Software (NASDAQ:CYBR),"Airship AI (NASDAQ:AISP – Get Free Report) and CyberArk Software (NASDAQ:CYBR – Get Free Report) are both business services companies, but which is the superior investment? We will contrast the two companies based on the strength of their dividends, analyst r…","Airship AI (NASDAQ:AISP – Get Free Report) and CyberArk Software (NASDAQ:CYBR – Get Free Report) are both business services companies, but which is the superior investment? We will contrast the two c… [+5691 chars]",0.9824,neutral
S&P 500,Pamt (PAMT) & Its Peers Head-To-Head Survey,"Pamt (NASDAQ:PAMT – Get Free Report) is one of 23 publicly-traded companies in the “Trucking, except local” industry, but how does it contrast to its peers? We will compare Pamt to similar businesses based on the strength of its profitability, earnings, insti…","Pamt (NASDAQ:PAMT – Get Free Report) is one of 23 publicly-traded companies in the “Trucking, except local” industry, but how does it contrast to its peers? We will compare Pamt to similar businesses… [+3361 chars]",0.9314,neutral
S&P 500,Zacks Research Expects Lower Earnings for Equity Residential,"Equity Residential (NYSE:EQR – Free Report) – Equities researchers at Zacks Research decreased their Q1 2025 earnings per share (EPS) estimates for Equity Residential in a research note issued to investors on Monday, February 24th. Zacks Research analyst R. D…",Equity Residential (NYSE:EQR – Free Report) – Equities researchers at Zacks Research decreased their Q1 2025 earnings per share (EPS) estimates for Equity Residential in a research note issued to inv… [+5988 chars],0.8316,negative
S&P 500,Top Growth Stocks To Watch Today – February 27th,"Novo Nordisk A/S, BlackRock, Blackstone, Apollo Global Management, and Welltower are the five Growth stocks to watch today, according to MarketBeat’s stock screener tool. Growth stocks are shares in companies that are expected to grow at an above-average rate…","Novo Nordisk A/S, BlackRock, Blackstone, Apollo Global Management, and Welltower are the five Growth stocks to watch today, according to MarketBeat’s stock screener tool. Growth stocks are shares in … [+5854 chars]",0.9451,neutral
S&P 500 Index,State Street Drops Corporate Board Diversity Requirement: Here Are All The Companies Cutting DEI Programs,"Following Trump's lead, organizations including Walmart, Lowe’s and Meta have announced they would scale back their commitments to diversity, equity and inclusion programs.","State Street, the asset management firm known for installing the Fearless Girl statue in New York to promote gender diversity in corporate leadership, dropped its diversity targets for corporate boar… [+23790 chars]",0.7906,negative
S&P 500 Index,"Dow Jones Futures: Stock Market Rally Attempt Begins After Nvidia, Tesla, Palantir Lead Big Losses; What To Do Now","Dow Jones futures will open Sunday evening, along with S&P 500 futures and Nasdaq futures. Trump tariffs and the jobs report are on tap. The stock market suffered sharp losses for the most part. The Nasdaq dived to 2025 lows. The tech-heavy index rebounded st…","Dow Jones futures will open Sunday evening, along with S&amp;P 500 futures and Nasdaq futures. Trump tariffs and the jobs report are on tap. The stock market suffered sharp losses for the most part. … [+146 chars]",-0.936,negative
S&P 500 Index,Stocks Face a ‘Fog of Uncertainty’ as Global Risks Keep Mounting,The US stock market sent some troubling signals this week as investors’ euphoric post-election vibe slams into a few challenging realities.,"The US stock market sent some troubling signals this week as investors euphoric post-election vibe slams into a few challenging realities.
Author of the article:
8av8uiv1{itn0bpyg0h10}y(_media_dl_1… [+9085 chars]",0.3612,neutral
S&P 500 Index,Stocks Face a ‘Fog of Uncertainty’ as Global Risks Keep Mounting,(Bloomberg) -- The US stock market sent some troubling signals this week as investors’ euphoric post-election vibe slams into a few challenging...,"(Bloomberg) -- The US stock market sent some troubling signals this week as investors euphoric post-election vibe slams into a few challenging realities.
Most Read from Bloomberg
The big-tech share… [+5998 chars]",0.3612,neutral
S&P 500 Index,Tesla Stock To $100?,"Tesla (NASDAQ:TSLA) is a fantastic company, and its founder, Elon Musk, is probably the most influential entrepreneur of our times.","A Tesla Cybertruck parks in front of the International Finance Center Seoul (IFC Seoul) in the ... [+] Yeouido financial district as a pedestrian walks past on February 27, 2025, in Seoul, South Kore… [+3664 chars]",0.7778,neutral
S&P 500 Index,SPMO Vs SPY: Which ETF Is The Better Buy?,"Compare SPMO and SPY ETFs to determine which is a better investment. Analyze their holdings, past performance and risk factors to make an informed choice.",SPY and SPMO offer distinct investment opportunities to investors with SPMO being more focused on ... [+] momentum-based growth with higher returns in bull markets while SPY delivers consistent growt… [+11238 chars],0.8955,neutral
S&P 500 Index,Sigma Planning Corp Raises Stake in First Trust BuyWrite Income ETF (NASDAQ:FTHI),"Sigma Planning Corp grew its holdings in shares of First Trust BuyWrite Income ETF (NASDAQ:FTHI – Free Report) by 7.1% in the 4th quarter, according to its most recent disclosure with the SEC. The fund owned 11,877 shares of the company’s stock after purchasi…","Sigma Planning Corp grew its holdings in shares of First Trust BuyWrite Income ETF (NASDAQ:FTHI – Free Report) by 7.1% in the 4th quarter, according to its most recent disclosure with the SEC. The fu… [+3087 chars]",0.9686,positive
S&P 500 Index,CFNAI Index Suggests Economy Is Slowing,"The #RealInvestmentReport is our weekly newsletter which covers our thoughts on the current market environment, the risk to capital relative to the market, and how we are positioned currently. It includes our MacroView, analysis on markets and sectors, and ou…","<ul><li>CFNAI Index Suggests Economy Is Slowing</li><li>How We Are Trading It</li><li>Research Report – CAPE-5, A Better Measure</li><li>Youtube – Before The Bell</li><li>Market Statistics</li><li>St… [+19534 chars]",0.2023,neutral
S&P 500 Index,A top 3% fund manager warns a 'multi-year bear market' is coming with stocks in the biggest momentum swing of his 45-year career,"""It is the most all-encompassing momentum market of my 45 years in the investing business,"" says top 3% investor Bill Smead.","Investors have enjoyed sunny days over the last two-and-a-half years thanks to a strong economy and enthusiasm around artificial intelligence.
But at some point, it's going to rain, warns Smead Capi… [+3007 chars]",0.8462,positive
S&P 500 Index,Sigma Planning Corp Grows Stock Holdings in Vanguard S&P 500 Value ETF (NYSEARCA:VOOV),"Sigma Planning Corp lifted its position in Vanguard S&P 500 Value ETF (NYSEARCA:VOOV – Free Report) by 57.4% in the fourth quarter, according to its most recent filing with the Securities and Exchange Commission. The institutional investor owned 1,701 shares …","Sigma Planning Corp lifted its position in Vanguard S&amp;P 500 Value ETF (NYSEARCA:VOOV – Free Report) by 57.4% in the fourth quarter, according to its most recent filing with the Securities and Exc… [+3039 chars]",0.9545,positive
S&P 500 Index,Global X S&P 500 Catholic Values ETF (NASDAQ:CATH) Shares Purchased by Atria Wealth Solutions Inc.,"Atria Wealth Solutions Inc. boosted its stake in Global X S&P 500 Catholic Values ETF (NASDAQ:CATH – Free Report) by 7.7% during the 4th quarter, according to its most recent 13F filing with the Securities & Exchange Commission. The firm owned 4,764 shares of…","Atria Wealth Solutions Inc. boosted its stake in Global X S&amp;P 500 Catholic Values ETF (NASDAQ:CATH – Free Report) by 7.7% during the 4th quarter, according to its most recent 13F filing with the … [+3123 chars]",0.9882,positive
S&P 500 Index,Invesco S&P 500 Momentum ETF (NYSEARCA:SPMO) Holdings Boosted by Truist Financial Corp,"Truist Financial Corp boosted its position in shares of Invesco S&P 500 Momentum ETF (NYSEARCA:SPMO – Free Report) by 22.6% during the 4th quarter, HoldingsChannel reports. The firm owned 12,884 shares of the company’s stock after buying an additional 2,379 s…","Truist Financial Corp boosted its position in shares of Invesco S&amp;P 500 Momentum ETF (NYSEARCA:SPMO – Free Report) by 22.6% during the 4th quarter, HoldingsChannel reports. The firm owned 12,884 … [+2934 chars]",0.9565,positive
S&P 500 Index,Sanctuary Advisors LLC Trims Holdings in Invesco S&P 500 Pure Value ETF (NYSEARCA:RPV),"Sanctuary Advisors LLC trimmed its position in Invesco S&P 500 Pure Value ETF (NYSEARCA:RPV – Free Report) by 8.3% in the 4th quarter, according to the company in its most recent disclosure with the Securities & Exchange Commission. The fund owned 7,295 share…","Sanctuary Advisors LLC trimmed its position in Invesco S&amp;P 500 Pure Value ETF (NYSEARCA:RPV – Free Report) by 8.3% in the 4th quarter, according to the company in its most recent disclosure with … [+2815 chars]",0.9325,negative
S&P 500 Index,"Principal Securities Inc. Invests $29,000 in Simplify Hedged Equity ETF (NYSEARCA:HEQT)","Principal Securities Inc. acquired a new position in shares of Simplify Hedged Equity ETF (NYSEARCA:HEQT – Free Report) during the fourth quarter, HoldingsChannel reports. The fund acquired 1,000 shares of the company’s stock, valued at approximately $29,000.…","Principal Securities Inc. acquired a new position in shares of Simplify Hedged Equity ETF (NYSEARCA:HEQT – Free Report) during the fourth quarter, HoldingsChannel reports. The fund acquired 1,000 sha… [+2870 chars]",0.9623,neutral
S&P 500 Index,MidCap Financial Investment (NASDAQ:MFIC) and Sprott Focus Trust (NASDAQ:FUND) Head-To-Head Comparison,"MidCap Financial Investment (NASDAQ:MFIC – Get Free Report) and Sprott Focus Trust (NASDAQ:FUND – Get Free Report) are both small-cap finance companies, but which is the superior investment? We will compare the two companies based on the strength of their pro…","MidCap Financial Investment (NASDAQ:MFIC – Get Free Report) and Sprott Focus Trust (NASDAQ:FUND – Get Free Report) are both small-cap finance companies, but which is the superior investment? We will … [+6740 chars]",0.9892,neutral
S&P 500 Index,Stock Traders Seek Havens to Hedge Uncertain Markets,"Wall Street's momentum trade driven by tech, communications, and consumer discretionary sectors is faltering due to concerns over shrinking growth and trade uncertainties. Safe havens like health care and consumer staples are now leading the market as investo…","For two years, Wall Street traders have minted profits simply by chasing the hottest stocks in the market regardless of price, fundamentals or the economic backdrop. Those days appear to be over.Sudd… [+2301 chars]",0.8591,negative
S&P 500 Index,"No end in Sight: Dalal Street tumbles down almost 2%, major sectoral indices fall","India's stock markets were hit hard, with indices falling by nearly 2% due to global sell-offs and US tariff threats on Mexico and China. The BSE Sensex and NSE Nifty saw major declines, exacerbated by low GDP growth and foreign investor sell-offs, particular…","The rout in India's stock market intensified, with key indices tumbling nearly 2% on Friday, mirroring the global sell-off. The turmoil was sparked by US President Donald Trump's decision to proceed … [+4030 chars]",-0.6486,negative
S&P 500 Index,"US stocks gain in choppy trade, as oil prices drop","Wall Street indexes advanced as investors navigated a heated White House meeting with Ukrainian President Volodymyr Zelenskiy. Despite initial market sell-off, major US indexes closed higher. Tariff threats and fluctuations in inflation data contributed to a …","Wall Street indexes advanced in choppy trading on Friday, after briefly dipping following a contentious White House meeting with Ukrainian President Volodymyr Zelenskiy.Oil prices fell on worries sto… [+4332 chars]",-0.3612,negative
S&P 500 Index,Wall St Week Ahead-Rising investor angst about economy to be tested by US jobs data,"Investors are closely watching the U.S. jobs report due on March 7, as concerns about economic health rise due to recent disappointing data. The report is crucial to assessing the impact of policies and trade tensions on employment. The market is cautious, se…","The stakes are high for the monthly U.S. jobs report in the coming week, as investors gauge whether a string of worrisome data is signaling significant concern about the economy.The benchmark S&amp;P… [+3797 chars]",-0.802,negative
S&P 500 Index,US stocks end higher after Zelenskiy-Trump clash,"Wall Street saw gains despite a volatile session on Friday, with tech stocks rising after a tense meeting between U.S. President Trump and Ukraine’s Zelenskiy. Dell and HP dropped on weak forecasts, while Nvidia and Tesla surged, lifting the S&P 500. Inflatio…","Wall Street ended higher on Friday after a choppy trading session, with Dell Technologies dipping and other tech stocks climbing after a meeting between the U.S. President Donald Trump and Ukrainian … [+3558 chars]",-0.4404,negative
S&P 500 Index,Wall Street eases toward the end of its dreary February,Wall Street is easing toward the end of its dreary February. The S&P 500 rose 0.2% Friday and is on track for its worst month since April.,"NEW YORK (AP) Wall Street is easing toward the end of its dreary February, and U.S. stock indexes are drifting following an economic report that included both encouraging and discouraging trends.
Th… [+4532 chars]",-0.6705,negative
S&P 500 Index,U.S. stocks close higher as PCE report eases inflation concerns,"NEW YORK, Feb. 28 (Xinhua) -- U.S. stocks rebounded on Friday after a cooling inflation report eased investors' concerns. Read full story","NEW YORK, Feb. 28 (Xinhua) -- U.S. stocks rebounded on Friday after a cooling inflation report eased investors' concerns.
 The Dow Jones Industrial Average rose 601.41 points, or 1.39 percent, to 43… [+1961 chars]",0.6908,positive
S&P 500 Index,Wall Street: Strong gains against uncertainty – February in the deep red,"Despite the continuous fluctuations, the indices ended the session with a gain of more than 1% - However, this did not change the highly negative balance of the week and the month as a whole - Strong volatility was the dominant element
The post Wall Street: S…","High volatility was shown by Wall Street in the final session of the week, as the unprecedented images and… Waterloo of the Trump-Zelensky meeting at the White House took investors by surprise and er… [+4225 chars]",0.7968,positive
S&P 500 Index,Super Micro Computer (SMCI) Stock Tops the S&P 500 Index in February,"Despite ongoing volatility, the stock of Super Micro Computer (SMCI) was the top-performing security in the benchmark S&P 500 index during February.
SMCI stock gained 43% over the past month, with about half that gain coming after the company filed updated an…","Despite ongoing volatility, the stock of Super Micro Computer (SMCI) was the top-performing security in the benchmark S&amp;P 500 index during February.SMCI stock gained 43% over the past month, with… [+155 chars]",0.9806,positive
S&P 500 Index,Markets wrap rough month driven by ‘Extreme Fear’ | CNN Business,"US stocks seesawed Friday, but all three major indexes closed the month in the red — a sign of increasing unease in markets.","US stocks seesawed Friday, but all three major indexes closed the month in the red a sign of increasing unease in markets.
Volatility gripped markets as traders closed out a dismal February that wip… [+4480 chars]",-0.9274,negative
S&P 500 Index,"Block's 30% plunge in February leads fintech sell-off, while Stripe shows benefit of staying private","Fintech stocks plummeted in February, paced by Block's drop, but Stripe's valuation soared to a near-record high in the private market.","Patrick Collison, chief executive officer and co-founder of Stripe Inc., left, smiles as John Collison, president and co-founder of Stripe Inc., speaks during a Bloomberg Studio 1.0 television interv… [+7543 chars]",0.6808,negative
S&P 500 Index,"Bitcoin’s ‘Trump trade’ is over — Traders shift hope to Fed rate cuts, expanding global liquidity","The pre-and-post-election Trump trade sent Bitcoin to new highs, but the jig is up. Traders now shift their hope to the resumption of QE and expanding global liquidity.","Financial markets are sending mixed signals as uncertainty reaches new highs. On Feb. 25, the US debt ceiling was raised from $36.1 trillion to $40.1 trillion, marking another massive expansion in go… [+6261 chars]",-0.2144,positive
S&P 500 Index,Is becoming a millionaire difficult? Here are some tips to reach your goal,"Investing $100 a month might seem modest, but with discipline, time, and the power of compound interest, it could potentially grow into one million. With consistent effort, time, and a well-thought-out strategy, you can pave the way to a prosperous future.","Everyone wants to be a millionaire. While it may seem a far-fetched dream for many, there are some tips you can use to turn this into reality.Did you know that you can become a millionaire by investi… [+2930 chars]",0.8735,neutral
S&P 500 Index,European shares extend winning streak into 10th week,Dublin Euronext market ends week on a high while FTSE 100 hits another record,"European shares clocked their 10th straight weekly gain on Friday, continuing their strong run in the new year though sentiment was shaky towards the end of the week amid trade tariff threats from US… [+3653 chars]",0.9081,positive
S&P 500 Index,‘Hot money’ flees Bitcoin at record pace,"Investors pulled a record US$3.3 billion from Bitcoin exchange-traded funds in February, poised for their biggest monthly exodus. Read more","Bitcoins inability to stay above the US$97,000 mark is the first sign of what Bank of America calls the bro bubble popping
Author of the article:
There is risk that Bitcoin prices can go lower to t… [+7498 chars]",-0.7165,negative
S&P 500 Index,The Market's Choppy and Its Fear Gauge Is Up,"1 min ago
The Market's Choppy and Its Fear Gauge Is Up
Stocks bounced around in afternoon trading as the market's fear gauge remained elevated.
The Dow was down 42 points, or 0.1%. The S&P 500 was down 0.1%. The Nasdaq Composite was down 0.2%.
The CBOE Volati…","1 min agoThe Market's Choppy and Its Fear Gauge Is UpStocks bounced around in afternoon trading as the market's fear gauge remained elevated.The Dow was down 42 points, or 0.1%. The S&amp;P 500 was d… [+143 chars]",-0.8957,negative
S&P 500 Index,"Nvidia, Super Micro Computer, Dell, Rocket Lab, and more: Stocks to watch today",Stocks were higher on Friday as President Trump’s latest announcement of new tariffs and China’s vow to retaliate heightened trade tensions.Read more...,"In This Story
Stocks were higher on Friday as President Trumps latest announcement of new tariffs and Chinas vow to retaliate heightened trade tensions. 
At around 12:40 PM in New York, the S&amp;P… [+1724 chars]",0.296,positive
S&P 500 Index,Investment word of the day: Passive funds — a low-risk option for investors; how do they work?,"Investment word of the day: Passive funds offer a cost-effective and less risky way to invest in equities by mimicking market indices. They require minimal management and are ideal for long-term investment, providing stability during market uncertainties.","Investment word of the day: The volatility and risk in the equities market are known to all, which often prevents people from investing in stocks. However, there is a way to invest in the equities ma… [+4051 chars]",0.3167,neutral
S&P 500 Index,Bitcoin Insights Reveal 80% Correlation With The S&P500 – Analyst Prepares For Another Drop,"Bitcoin has lost crucial support levels as the market struggles to find demand, allowing bears to gain momentum. Analysts are calling for further corrections, with fear dominating sentiment across the crypto market. Bitcoin has now dropped over 28% from its l…","Bitcoin has lost crucial support levels as the market struggles to find demand, allowing bears to gain momentum. Analysts are calling for further corrections, with fear dominating sentiment across th… [+3552 chars]",-0.8519,negative
S&P 500 Index,"US Spending Drops in Cold Weather, Inflation Gauge Offers Relief","US consumers unexpectedly pulled back on spending on goods like cars in January amid extreme winter weather, and a slowdown in services, if sustained, may raise concerns about the resilience of the economy.","(Bloomberg) US consumers unexpectedly pulled back on spending on goods like cars in January amid extreme winter weather, and a slowdown in services, if sustained, may raise concerns about the resilie… [+3371 chars]",0.7964,negative
S&P 500 Index,Wall Street eases toward the end of its dreary February,"A rebound for Nvidia following its sharp drop the day before helped steady the market, and the majority of stocks rose.","By STAN CHOE, Associated Press Business Writer
NEW YORK (AP) — Wall Street is easing toward the end of its dreary February, and U.S. stock indexes are drifting following an economic report that incl… [+4724 chars]",-0.3818,negative
S&P 500 Index,US stocks mixed in choppy trading after consumer spending falls in January,"Wall Street's indexes displayed mixed results on Friday amid concerns over a potential economic slowdown. The Commerce Department reported a drop in consumer spending for January, heightening concerns of stagflation. Stocks such as Nvidia and Microsoft faced …","Wall Street's main indexes were mixed in choppy trading on Friday as investors avoided large bets after data showed consumer spending fell in January, exacerbating worries that the world's largest ec… [+3276 chars]",-0.743,negative
S&P 500 Index,Nanoencapsulation of amitriptyline enhances the potency of antidepressant-like effects and exhibits anxiolytic-like effects in Wistar rats,"Depression poses a significant global health challenge, affecting an estimated 300 million people worldwide. While amitriptyline (Ami) remains one of the most effective antidepressants, its numerous side-effects contribute to a high dropout rate among patient…","Abstract
Depression poses a significant global health challenge, affecting an estimated 300 million people worldwide. While amitriptyline (Ami) remains one of the most effective antidepressants, its… [+45337 chars]",0.379,positive
S&P 500 Index,Tariff Fears Shift ETF Gains Toward Global Markets,President Trump's proposed duties and inflation data have pushed investors toward Europe and emerging markets.,"Tariff Fears Shift ETF Gains Toward Global Markets
European and emerging markets ETFs are outperforming their U.S. counterparts for the first time in years, as concerns about inflation and Trump adm… [+2473 chars]",-0.2023,positive
S&P 500 Index,Fed’s preferred inflation gauge cools slightly in January after heated data this month,"The Federal Reserve's key measure of inflation cooled slightly in January, giving investors a glimmer of hope for interest rate cuts.","The Federal Reserve’s key measure of inflation cooled slightly in January, giving investors a glimmer of hope for interest rate cuts after dismal economic reports earlier this month.
The personal co… [+2524 chars]",0.7699,negative
S&P 500 Index,Crypto Daybook Americas: Bitcoin Meltdown Worsens as Macro Jitters Overshadow Positives,"The day ahead in crypto: Feb. 28, 2025","By Omkar Godbole (All times ET unless indicated otherwise)
It's the dip that keeps on dipping. Bitcoin took another hit early Friday, falling below $80,000 and taking February's decline to over 20%.… [+11246 chars]",-0.0772,negative
S&P 500 Index,Dave Vellante’s Breaking Analysis: The complete collection,"Breaking Analysis is a weekly editorial program combining knowledge from SiliconANGLE’s theCUBE with spending data from Enterprise Technology Research. Branded as theCUBE Insights, Powered by ETR, the program is our opportunity to share independent, unfiltere…","Breaking Analysis is a weekly editorial program combining knowledge from SiliconANGLEs theCUBE with spending data from Enterprise Technology Research.
Branded as theCUBE Insights, Powered by ETR, th… [+182839 chars]",0.6124,neutral
S&P 500 Index,Bitcoin’s correction may extend to April: Matrixport research,"Macroeconomic trends and central bank policies suggest Bitcoin’s correction may extend to April as the US dollar strengthens, according to Matrixport.","The current Bitcoin correction may last until March or April before attempting to rally toward previous highs, according to Matrixport analysis.
Bitcoin (BTC) fell below $80,000 on Feb. 27 for the f… [+2831 chars]",0.6597,negative
S&P 500 Index,Rising investor angst about economy to be tested by US jobs data,"The stakes are high for the monthly U.S. jobs report in the coming week, as investors gauge whether a string of worrisome data is signaling significant concern about the economy.
The benchmark S&P 500 stock index has pulled back 4% from its all-time high reac…","The stakes are high for the monthly U.S. jobs report in the coming week, as investors gauge whether a string of worrisome data is signaling significant concern about the economy.The benchmark S&amp;P… [+145 chars]",-0.4215,negative
S&P 500 Index,Wall Street ends higher after Zelenskiy and Trump clash,"(Reuters) -Wall Street ended higher on Friday after a choppy trading session, with Dell Technologies dipping and other tech stocks climbing after a meeting...","By Noel Randewich
(Reuters) -Wall Street ended higher on Friday after a choppy trading session, with Dell Technologies dipping and other tech stocks climbing after a meeting between the U.S. Preside… [+3698 chars]",0.0,positive
S&P 500 Index,CAPE-5: A Different Measure Of Valuation,"One of the most referenced valuation measures is Dr. Robert Shiller’s Cyclically Adjusted Price-Earnings Ratio, known as CAPE. Valuations have always been, and remain, an essential variable in long-term investing returns. Or, as Warren Buffett once quipped: “…","One of the most referenced valuation measures is Dr. Robert Shiller’s Cyclically Adjusted Price-Earnings Ratio, known as CAPE. Valuations have always been, and remain, an essential variable in long-t… [+11767 chars]",0.0,neutral
S&P 500 Index,Retail Investors Are Suddenly Bearish,The American Association of Individual Investors (AAII) sentiment indicator claims that 60.6% of the retail investors are bearish. The percentage of bears in its survey increased sharply from 40.5% at the prior reading on February 19. The AAII retail investor…,The American Association of Individual Investors (AAII) sentiment indicator claims that 60.6% of the retail investors are bearish. The percentage of bears in its survey increased sharply from 40.5% a… [+4810 chars],0.4939,positive
S&P 500 Index,Global stocks slide as tariff threats add to big tech jitters,Equities fall after Trump’s latest trade threats and a Wall Street sell-off led by Nvidia,"Global stocks fell on Friday as Donald Trumps latest tariff threats piled further pressure on a market already reeling from a big tech sell-off on Wall Street.
The broad Stoxx Europe 600 dropped 0.6… [+3169 chars]",-0.8625,negative
S&P 500 Index,Atria Wealth Solutions Inc. Buys New Stake in Innovator U.S. Equity Power Buffer ETF – November (BATS:PNOV),"Atria Wealth Solutions Inc. purchased a new position in Innovator U.S. Equity Power Buffer ETF – November (BATS:PNOV – Free Report) in the 4th quarter, according to the company in its most recent Form 13F filing with the Securities & Exchange Commission. The …","Atria Wealth Solutions Inc. purchased a new position in Innovator U.S. Equity Power Buffer ETF – November (BATS:PNOV – Free Report) in the 4th quarter, according to the company in its most recent For… [+3060 chars]",0.9661,neutral
